ZIP Code,	Latitude,	Longitude

10000,	45.8348464,	15.970761
10001,	40.75368539999999,	-73.9991637
10002,	40.7135097,	-73.9859414
10003,	40.7322535,	-73.9874105
10004,	40.7038704,	-74.0138541
10005,	40.6998433,	-74.0072436
10006,	40.709329,	-74.0131196
10007,	40.7136487,	-74.0087126
10008,	40.7097781,	-74.00982710000001
10009,	40.7275043,	-73.9800645
10010,	40.7388319,	-73.98153370000001
10011,	40.7464969,	-74.0094471
10012,	40.7250632,	-73.9976946
10013,	40.7217861,	-74.0094471
10014,	40.7366138,	-74.0094471
10015,	45.4502845,	7.9038647
10016,	40.74727,	-73.9800645
10017,	40.7519846,	-73.9697795
10018,	40.755322,	-73.9932872
10019,	40.7686973,	-73.9918181
10020,	40.7605505,	-73.98226830000002
10021,	40.7700703,	-73.9580246
10022,	40.7593941,	-73.9697795
10023,	40.7769059,	-73.9800645
10024,	40.7859464,	-73.97418739999999
10025,	40.7999209,	-73.96831019999999
10026,	40.8032131,	-73.95258249999999
10027,	40.8138912,	-73.96243270000001
10028,	40.77664120000001,	-73.9521468
10029,	40.79164069999999,	-73.9447994
10030,	40.8173411,	-73.9433299
10031,	40.8270209,	-73.9506774
10032,	40.8409822,	-73.9447994
10033,	40.8557765,	-73.9447994
10034,	40.8721452,	-73.92128579999999
10035,	40.794065,	-73.9271644
10036,	40.7602619,	-73.9932872
10037,	40.8140369,	-73.9374517
10038,	40.7071498,	-74.0021019
10039,	40.8288377,	-73.9374517
10040,	40.8639624,	-73.93304289999999
10041,	40.7035351,	-74.00978099999999
10043,	40.7042986,	-74.0070599
10044,	40.7573053,	-73.9550857
10045,	40.708873,	-74.0093553
10050,	5.4321233,	100.3287399
10055,	40.7589745,	-73.97419099999999
10060,	40.75,	-73.99
10065,	40.7645239,	-73.96243270000001
10069,	40.7750791,	-73.9932872
10073,	45.2256591,	7.594856
10075,	40.7728432,	-73.9558204
10077,	45.2084652,	7.6406373
10078,	45.1437329,	7.623289199999999
10080,	40.7130922,	-74.0156903
10081,	40.71,	-74.00999999999999
10087,	40.75,	-73.99
10088,	45.1937727,	7.788029799999999
10090,	40.71,	-74.00999999999999
10091,	45.0991116,	7.516632899999999
10092,	45.017016,	7.5866647
10093,	45.0897785,	7.5865634
10095,	40.75,	-73.99
10098,	45.0607417,	7.528754299999999
10100,	13.7441095,	100.5099262
10101,	40.7637828,	-73.9859116
10102,	40.7637828,	-73.9859116
10103,	40.7598323,	-73.97633859999999
10104,	40.760105,	-73.9780442
10105,	40.7634529,	-73.9798808
10106,	40.76546159999999,	-73.9809827
10107,	40.7659788,	-73.982452
10108,	40.7545309,	-73.981138
10109,	40.76,	-73.99
10110,	40.75352770000001,	-73.9809365
10111,	40.7591267,	-73.97767689999999
10112,	40.7590788,	-73.9795135
10113,	40.7413663,	-73.9984487
10114,	40.73999999999999,	-74
10115,	40.8108356,	-73.96371839999999
10116,	40.7503406,	-73.99489179999999
10117,	40.7503406,	-73.99489179999999
10118,	40.7484238,	-73.9856319
10119,	40.7502013,	-73.9931036
10120,	40.7499889,	-73.9894307
10121,	40.74928209999999,	-73.9917906
10122,	40.7513534,	-73.99132639999999
10123,	40.75184549999999,	-73.9916344
10124,	40.7545309,	-73.981138
10125,	40.8,	-73.97
10126,	40.76,	-73.97
10127,	45.0214756,	7.660209
10128,	40.7826039,	-73.9506774
10129,	40.7545309,	-73.981138
10130,	40.78,	-73.95
10131,	40.7681987,	-73.9608428
10132,	40.78,	-73.97
10133,	40.7748596,	-73.98073699999999
10134,	45.0406466,	7.6542213
10135,	45.0215567,	7.6240389
10136,	45.0513369,	7.634801599999999
10137,	45.0382378,	7.6201529
10138,	40.75,	-73.99
10139,	45.0708466,	7.6414279
10140,	13.6332855,	100.4958678
10141,	45.0651725,	7.6385118
10143,	45.0818287,	7.652743500000001
10144,	45.08676699999999,	7.666627900000001
10146,	45.08048,	7.6203125
10147,	45.1002423,	7.675841399999999
10148,	45.112337,	7.6707218
10149,	45.0963655,	7.6636292
10150,	40.7582228,	-73.9704871
10151,	40.7631239,	-73.9737712
10152,	40.758778,	-73.9727343
10153,	40.7638697,	-73.9732294
10154,	40.7577789,	-73.9725344
10155,	40.7608571,	-73.9681265
10156,	40.751234,	-73.99524420000002
10157,	40.75,	-73.99
10158,	40.7490007,	-73.9756518
10159,	40.7394463,	-73.9844581
10160,	40.73999999999999,	-73.97999999999999
10161,	40.71,	-74.00999999999999
10162,	40.7694389,	-73.9500145
10163,	40.7531392,	-73.97489569999999
10164,	40.7531392,	-73.97489569999999
10165,	40.7521822,	-73.9787789
10166,	40.7541009,	-73.9763266
10167,	40.75469590000001,	-73.97473839999999
10168,	40.751356,	-73.9773096
10169,	40.7545632,	-73.9759771
10170,	40.7525629,	-73.976024
10171,	40.7565106,	-73.9743893
10172,	40.7555302,	-73.9751038
10173,	40.754139,	-73.9795135
10174,	40.7517367,	-73.9745547
10175,	40.7544003,	-73.9801334
10176,	40.7555263,	-73.9784116
10177,	40.7550496,	-73.9756191
10178,	40.7508375,	-73.9785294
10179,	40.7556001,	-73.97715529999999
10180,	48.3593157,	4.0021425
10185,	40.7545309,	-73.981138
10199,	40.7517769,	-73.9965928
10200,	13.7560243,	100.4986793
10203,	40.71,	-74.00999999999999
10210,	13.9038265,	100.5858786
10211,	40.7299999,	-73.99
10212,	40.71,	-74.00999999999999
10213,	40.72,	-74.00999999999999
10220,	13.9023034,	100.6432195
10230,	13.8289175,	100.6619241
10242,	40.71,	-74.00999999999999
10243,	52.5147455,	13.43856
10244,	54.7125478,	25.3825899
10245,	52.5019332,	13.4554471
10247,	52.5173449,	13.4630849
10249,	40.71,	-74.00999999999999
10250,	13.7179259,	100.6534443
10256,	40.71,	-74.00999999999999
10257,	40.71,	-74.00999999999999
10258,	40.71,	-74.00999999999999
10259,	40.71,	-74.00999999999999
10260,	40.7070054,	-74.0106133
10261,	40.71,	-74.00999999999999
10265,	40.7055648,	-74.008107
10268,	40.7059771,	-74.0087537
10269,	40.71,	-74.00999999999999
10270,	40.7051078,	-74.0056827
10271,	40.7085019,	-74.0110018
10272,	40.7088601,	-74.0024274
10273,	40.71,	-74.00999999999999
10274,	40.70403599999999,	-74.013114
10275,	40.71,	-74.00999999999999
10276,	40.73193149999999,	-73.9902788
10277,	40.71,	-74.00999999999999
10278,	40.7151351,	-74.0039382
10279,	40.7122925,	-74.0079447
10280,	40.7084274,	-74.0173484
10281,	40.71111459999999,	-74.0145738
10282,	40.7167028,	-74.0152027
10285,	40.7136781,	-74.0138618
10286,	40.71,	-74.00999999999999
10290,	13.5300421,	100.5071143
10292,	40.71,	-74.00999999999999
10300,	13.7754325,	100.5127381
10301,	40.6274394,	-74.0946311
10302,	40.6311567,	-74.1386767
10303,	40.6311444,	-74.17390569999999
10304,	40.6047352,	-74.0916944
10305,	40.5944059,	-74.0711359
10306,	40.5729336,	-74.12986839999999
10307,	40.5070853,	-74.2443436
10308,	40.5535039,	-74.1504204
10309,	40.5265593,	-74.22380199999999
10310,	40.6307451,	-74.1181234
10311,	40.6040843,	-74.18237669999999
10312,	40.555548,	-74.1827119
10313,	40.58,	-74.17
10315,	52.5154671,	13.5144706
10317,	52.49854389999999,	13.484745
10318,	52.4810357,	13.5186468
10319,	52.49583209999999,	13.5137055
10320,	13.7843514,	100.5765674
10322,	54.70457279999999,	25.3147774
10330,	13.7401666,	100.5352367
10350,	-6.1928022,	106.8311122
10365,	52.5190891,	13.4949508
10367,	52.52050819999999,	13.4800047
10369,	52.5285173,	13.4667665
104 34,	37.9935529,	23.729951
104 46,	38.0034352,	23.727173
104 47,	37.9858739,	23.7059792
10400,	13.7739818,	100.546488
10405,	52.53419359999999,	13.4230065
10407,	52.5344541,	13.456067
10409,	52.5433958,	13.4413606
10410,	48.2940638,	4.1531739
10411,	59.4482869,	24.7218831
10413,	59.44618079999999,	24.7304242
10414,	59.4440742,	24.7389647
10430,	-6.1929378,	106.8466001
10435,	52.53845190000001,	13.4096184
10437,	52.5455109,	13.4072944
10439,	52.5517268,	13.4123013
10440,	-6.192131799999999,	106.851763
10450,	5.4197312,	100.3170452
10451,	40.8187386,	-73.9271644
10452,	40.8376318,	-73.92128579999999
10453,	40.8515872,	-73.9154069
10454,	40.8022594,	-73.9154069
10455,	40.8147803,	-73.90805809999999
10456,	40.83102239999999,	-73.9095279
10457,	40.84413869999999,	-73.8977693
10458,	40.8621792,	-73.88601
10459,	40.8285039,	-73.8918897
10460,	40.841618,	-73.8801301
10461,	40.8476284,	-73.8360251
10462,	40.8382522,	-73.8566087
10463,	40.8803247,	-73.9095279
10464,	40.864318,	-73.7977928
10465,	40.8262186,	-73.8242621
10466,	40.8887394,	-73.8477874
10467,	40.8723987,	-73.8713099
10468,	40.8687887,	-73.8977693
10469,	40.8690303,	-73.8477874
10470,	40.89907669999999,	-73.86836970000002
10471,	40.8971509,	-73.9065883
10472,	40.8300731,	-73.86836970000002
10473,	40.811547,	-73.859549
10474,	40.8050442,	-73.8830701
10475,	40.87347,	-73.8272029
10480,	60.1741397,	23.5759974
10490,	40.1051212,	27.9424743
10491,	40.1007311,	-5.5249863
10492,	40.1405764,	-5.545978700000001
10493,	40.0880012,	-5.5774814
10499,	40.85,	-73.87
105 54,	37.9781925,	23.7244996
105 56,	37.97362,	23.7280372
105 58,	37.9718603,	23.7304751
105 61,	37.9788884,	23.7318685
105 63,	37.9759914,	23.7298576
105 64,	37.9786972,	23.7339925
10500,	13.7262395,	100.5267991
10501,	41.2961228,	-73.762495
10502,	41.012961,	-73.8389657
10503,	41.02647090000001,	-73.87535249999999
10504,	41.1395518,	-73.712479
10505,	41.3424505,	-73.74484369999999
10506,	41.1881032,	-73.6418473
10507,	41.2300691,	-73.69482339999999
10509,	41.4238545,	-73.5829689
10510,	41.1345338,	-73.8477874
10511,	41.2672817,	-73.9536163
10512,	41.483411,	-73.7242486
10513,	39.6280821,	-7.470593499999999
10514,	41.1693588,	-73.78308609999999
10515,	39.3149504,	-7.2113605
10516,	41.4647713,	-73.86542949999999
10517,	41.2977828,	-73.8632243
10518,	41.2652931,	-73.6006342
10519,	41.3493258,	-73.66171489999999
10520,	41.2025169,	-73.88485279999999
10521,	41.2299999,	-73.92
10522,	41.0102232,	-73.8713099
10523,	41.0722621,	-73.8242621
10524,	41.3657962,	-73.9242251
10526,	41.2951353,	-73.67128009999999
10527,	41.3185482,	-73.7654367
10528,	40.9783821,	-73.7183639
10530,	41.0214474,	-73.8124984
10533,	41.039714,	-73.8713099
10535,	41.3344245,	-73.7992634
10536,	41.296223,	-73.712479
10537,	41.3383344,	-73.88601
10538,	40.9342921,	-73.7536695
10540,	41.3251323,	-73.7190608
10541,	41.4007342,	-73.7595532
10542,	41.37161440000001,	-73.7628627
10543,	40.9505752,	-73.7301331
10545,	41.1787081,	-73.83528989999999
10546,	41.1935292,	-73.7977928
10547,	41.31085050000001,	-73.8477874
10548,	41.23790109999999,	-73.9536163
10549,	41.1983543,	-73.712479
10550,	40.9087956,	-73.83308439999999
10551,	40.9114605,	-73.8338607
10552,	40.9247625,	-73.8242621
10553,	40.9071072,	-73.8213213
10555,	52.52246290000001,	13.3359647
10557,	52.5231724,	13.365317
10559,	52.5319081,	13.3483383
10560,	41.3377373,	-73.59474589999999
10562,	41.1795084,	-73.8536683
10565,	39.5232554,	27.0676398
10566,	41.2916113,	-73.91834639999999
10567,	41.2808277,	-73.87719009999999
10570,	41.135887,	-73.7889689
10577,	41.0373522,	-73.7183639
10578,	41.3175574,	-73.6742232
10579,	41.3913836,	-73.8301437
10580,	40.9749755,	-73.69482339999999
10583,	40.99263819999999,	-73.78308609999999
10587,	41.3341901,	-73.7366246
10588,	41.32989300000001,	-73.8272029
10590,	41.2549589,	-73.52996399999999
10592,	39.8175227,	-6.3291881
10596,	41.2524164,	-73.9609634
10598,	41.2868678,	-73.78308609999999
106 73,	37.9779876,	23.7395427
106 74,	37.9757882,	23.7413399
106 75,	37.9774412,	23.7445872
106 76,	37.9783126,	23.7454858
106 77,	37.985529,	23.7307573
106 78,	37.9839576,	23.7323854
106 79,	37.9808838,	23.7338506
106 81,	37.9854421,	23.7347364
106 82,	37.9880229,	23.7323025
106 83,	37.9876338,	23.7349012
10603,	41.0556696,	-73.7772032
10604,	41.0603977,	-73.7419017
10605,	41.0112762,	-73.7419017
10607,	41.0390683,	-73.8154394
10612,	59.43429069999999,	24.7207861
10613,	59.42981169999999,	24.7182272
10614,	59.43862309999999,	24.6859246
10615,	59.42513499999999,	24.7147446
10616,	59.42490069999999,	24.7044687
10620,	-6.1642473,	106.8458626
10626,	40.4356158,	-6.2482149
10627,	52.5073952,	13.3015288
10629,	52.5018362,	13.3026692
10630,	-6.1563067,	106.8547133
10639,	40.3043785,	-6.418385
10640,	-6.167549999999999,	106.8620891
10649,	40.2871649,	-6.173911599999999
10660,	19.3022655,	-99.26539269999999
10661,	40.1965111,	-6.3438785
10662,	40.276651,	-6.274773400000001
10663,	40.2274699,	-6.2429045
10664,	40.2462925,	-6.224322
10665,	40.19720270000001,	-6.142094699999999
10666,	40.1291956,	-6.2694608
10667,	40.117853,	-6.0996978
10670,	40.0449935,	-6.2216678
10671,	40.010078,	-6.2057449
10672,	40.0906661,	-6.2269763
10680,	39.9219516,	-6.131492799999999
10691,	40.005497,	-6.2907139
10692,	39.9749928,	-6.381120699999999
10693,	39.9080158,	-6.2960283
10695,	39.8498358,	-6.041449999999999
10703,	40.95984,	-73.8801301
10704,	40.9199758,	-73.859549
10705,	40.9180569,	-73.8977693
10706,	40.9905542,	-73.8713099
10708,	40.9383349,	-73.83308439999999
10709,	40.9546405,	-73.8095574
10711,	52.4990238,	13.2916403
10713,	52.4868693,	13.3137346
10719,	52.4993282,	13.3246134
10720,	-6.1491289,	106.8399623
10729,	40.12337890000001,	-5.993833899999999
10739,	40.2227124,	-5.9462552
10740,	-6.153950399999999,	106.8288997
10783,	52.4977075,	13.3624562
10800,	13.8206972,	100.5239867
10802,	40.9113145,	-73.7821922
10803,	40.8996475,	-73.8036752
10810,	19.3113176,	-99.2321418
10811,	39.9768662,	-6.4396888
10820,	19.3065142,	-99.2324881
10823,	52.4856992,	13.3488258
10828,	39.7889589,	-6.503643299999999
10839,	39.9145461,	-6.4103979
10850,	40.1652496,	-6.7172907
10858,	40.1701839,	-6.6317461
10859,	40.1846334,	-6.556988199999999
10860,	40.2204998,	-6.642433
10892,	40.2063954,	-6.797592
10893,	40.160245,	-6.8029489
10894,	40.1743954,	-6.7788461
10895,	40.0474248,	-6.8136642
10896,	40.1257162,	-6.6958939
10900,	13.8246196,	100.5633587
10901,	41.1411152,	-74.1357407
10910,	41.2737326,	-74.14601660000001
10911,	41.31335,	-73.98886
10912,	41.2504086,	-74.31114629999999
10913,	41.0711228,	-73.9536163
10914,	41.4224203,	-74.2032581
10915,	41.5416599,	-74.36081260000002
10916,	41.4399817,	-74.24140919999999
10917,	41.3281101,	-74.1063776
10918,	41.353627,	-74.2531465
10919,	41.5320197,	-74.3763415
10920,	41.1561247,	-73.9301037
10921,	41.3275569,	-74.347017
10922,	41.33877409999999,	-73.9918181
10923,	41.2025267,	-73.9976946
10924,	41.3862816,	-74.347017
10925,	41.2033956,	-74.3000878
10926,	41.3076175,	-74.0652616
10927,	41.1929636,	-73.94773839999999
10928,	41.3400881,	-74.018261
10930,	41.3533968,	-74.1122506
10931,	41.1186497,	-74.16803469999999
10932,	41.4806809,	-74.4678946
10933,	41.3663556,	-74.512637
10940,	41.4334745,	-74.4760088
10941,	41.49215179999999,	-74.3352858
10949,	41.33,	-74.19
10950,	41.3078975,	-74.2061931
10952,	41.1091091,	-74.0828839
10953,	41.389303,	-74.09389689999999
10954,	41.09912629999999,	-74.0123851
10956,	41.1604286,	-73.99475629999999
10958,	41.3740086,	-74.4349761
10959,	41.2343555,	-74.416428
10960,	41.0938791,	-73.9065883
10961,	52.493094,	13.3968551
10962,	41.0481178,	-73.9301037
10963,	41.4667793,	-74.54046939999999
10964,	41.0152689,	-73.9065883
10965,	41.0598251,	-74.0123851
10967,	52.4909261,	13.4161406
10968,	41.04356300000001,	-73.9154069
10969,	41.2882264,	-74.48773059999999
10970,	41.1876338,	-74.0828839
10973,	41.3861778,	-74.48773059999999
10974,	41.143633,	-74.1885825
10975,	41.239215,	-74.1357407
10976,	41.029058,	-73.9256948
10977,	41.1139452,	-74.04763779999999
10979,	41.1823561,	-74.31970419999999
10980,	41.2455339,	-74.0417628
10981,	41.3219752,	-74.28532469999999
10982,	41.1108401,	-74.09764299999999
10983,	41.0289331,	-73.9506774
10984,	41.2099325,	-74.0153231
10985,	41.57062270000001,	-74.35581479999999
10986,	41.2780355,	-73.99475629999999
10987,	41.2050167,	-74.24140919999999
10988,	41.302158,	-74.56243909999999
10989,	41.1266886,	-73.9301037
10990,	41.2564266,	-74.3597872
10991,	39.7867575,	-6.9397002
10992,	41.4243859,	-74.16509909999999
10993,	41.212212,	-73.96243270000001
10994,	41.09411619999999,	-73.977126
10996,	41.39205,	-73.9712488
10997,	41.39,	-73.95999990000001
10998,	41.3338698,	-74.5346103
10999,	52.4956904,	13.4272009
11000,	13.8658492,	100.4941285
11001,	40.720444,	-73.706594
11002,	40.7265409,	-73.7085986
11003,	40.7006866,	-73.706594
11007,	36.5263783,	-6.2840715
11022,	40.787368,	-73.7246251
11023,	40.8007661,	-73.7330753
11024,	40.8143687,	-73.7419017
11026,	40.8,	-73.72999999999999
11027,	40.79,	-73.72999999999999
11030,	40.7960005,	-73.6830521
11040,	40.7466623,	-73.6830521
11042,	40.7572158,	-73.69629479999999
11050,	40.84700100000001,	-73.69482339999999
11051,	40.83,	-73.67999999999999
11052,	40.83,	-73.67999999999999
11053,	40.83,	-73.7
11054,	40.8395426,	-73.70239049999999
11055,	40.83,	-73.7
11060,	-23.9671344,	-46.3396807
11065,	12.1581206,	-86.15609889999999
11070,	-23.9602692,	-46.35047360000001
11075,	-23.9551741,	-46.33608359999999
11080,	-23.9477164,	-46.3552713
11082,	-23.940926,	-46.33608359999999
11087,	-23.9458944,	-46.3786664
11089,	-23.9408462,	-46.3660676
11096,	40.6184845,	-73.7536695
111 47,	59.3314361,	18.0724576
11100,	43.15494169999999,	2.9975593
11101,	40.7443091,	-73.9418603
11102,	40.7732937,	-73.9286341
11103,	40.7633726,	-73.9109977
11104,	40.7448741,	-73.91981609999999
11105,	40.7787902,	-73.9065883
11106,	40.7595044,	-73.9271644
11109,	40.7449081,	-73.95692249999999
11110,	13.9354695,	100.383479
11120,	40.73999999999999,	-73.95
11130,	13.8135951,	100.4227992
11139,	36.3796131,	-6.179215999999999
11140,	13.8448335,	100.3610179
11149,	36.3146126,	-6.0785104
11159,	36.2303108,	-6.0361574
11160,	43.3605684,	2.4801989
11200,	19.4378421,	-99.2203687
11201,	40.6986772,	-73.9859414
11202,	40.6924765,	-73.9908756
11203,	40.6515882,	-73.93304289999999
11204,	40.6195067,	-73.9859414
11205,	40.6945036,	-73.9565551
11206,	40.7047738,	-73.9418603
11207,	40.6655101,	-73.8918897
11208,	40.6749343,	-73.8713099
11209,	40.6212119,	-74.03294989999999
11210,	40.6285158,	-73.9447994
11211,	40.7093358,	-73.9565551
11212,	40.6639181,	-73.9154069
11213,	40.6722134,	-73.93892129999999
11214,	40.6042332,	-74.00259989999999
11215,	40.6681669,	-73.9800645
11216,	40.6788319,	-73.9506774
11217,	40.6815619,	-73.9785952
11219,	40.6310753,	-73.9976946
11220,	40.6385229,	-74.0153231
11221,	40.6903213,	-73.9271644
11222,	40.7282702,	-73.9506774
11223,	40.6009233,	-73.977126
11224,	40.5749261,	-73.9859414
11226,	40.6470923,	-73.9536163
11228,	40.6137658,	-74.0153231
11241,	40.6933783,	-73.9906685
11247,	40.68,	-73.95
11249,	40.7119031,	-73.9660683
11251,	40.7,	-73.97
11252,	40.6111989,	-74.0278089
11256,	40.6634897,	-73.8604373
11270,	19.4556639,	-99.2030585
11290,	43.2123921,	2.1646722
11300,	-34.9100207,	-56.1504985
11312,	59.4178301,	24.7357251
11313,	59.4140116,	24.7546391
11314,	59.3891248,	24.7485102
11317,	59.409037,	24.7221817
11320,	19.4445835,	-99.1746778
11321,	-23.9678256,	-46.3684671
11325,	-23.9875988,	-46.3970557
11335,	-23.9646905,	-46.4032732
11345,	-23.9904791,	-46.4897946
11346,	-23.9817294,	-46.4885919
11347,	-23.9836929,	-46.4705546
11348,	-23.9582974,	-46.4693523
11349,	36.3441449,	-5.3468563
11350,	19.4544751,	-99.1684492
11351,	40.7817222,	-73.8280679
11352,	40.7566825,	-73.8288714
11354,	40.7699016,	-73.8272029
11355,	40.7493096,	-73.8213213
11356,	40.7901266,	-73.8477874
11357,	40.7850656,	-73.8124984
11358,	40.76074300000001,	-73.7977928
11359,	40.7908824,	-73.7757324
11360,	40.7779482,	-73.7801447
11361,	40.7622954,	-73.7742616
11362,	40.7612957,	-73.7330753
11363,	40.7728635,	-73.74484369999999
11364,	40.7469886,	-73.7536695
11367,	40.7295546,	-73.8213213
11372,	40.7527924,	-73.8801301
11377,	40.74133339999999,	-73.90364869999999
11378,	40.7224092,	-73.9095279
11379,	40.7182124,	-73.8801301
11381,	40.7063561,	-73.840436
11386,	40.7564184,	-73.82818460000001
114 47,	59.3374698,	18.0790397
114 48,	59.33879330000001,	18.0795415
114 49,	59.3398021,	18.0802922
114 55,	59.3338467,	18.0880988
114 56,	59.33086110000001,	18.0842661
114 57,	59.33241839999999,	18.0876796
114 58,	59.3369938,	18.0856104
114 59,	59.33901119999999,	18.0871123
114 74,	37.99080960000001,	23.7450911
114 75,	37.9899323,	23.7498181
114 76,	37.9971193,	23.753836
11405,	40.7053977,	-73.7939324
11407,	36.7047853,	-6.1367935
11411,	40.69300670000001,	-73.7389596
11412,	40.6963978,	-73.762495
11414,	40.6616787,	-73.8477874
11417,	40.6736207,	-73.8448469
11419,	40.6900246,	-73.8213213
11424,	40.7133076,	-73.8285897
11425,	40.68775249999999,	-73.72608749999999
11426,	40.7349144,	-73.7213063
11427,	40.7292825,	-73.75072759999999
11428,	40.7226473,	-73.7389596
11429,	40.7078289,	-73.7389596
11430,	40.6433507,	-73.7889689
11431,	40.7054885,	-73.780075
11432,	40.7154518,	-73.7919103
11433,	40.69978340000001,	-73.7860276
11434,	40.6812166,	-73.7772032
11435,	40.7031635,	-73.8095574
11436,	40.6718171,	-73.7977928
11439,	40.7213264,	-73.7941163
11440,	-6.169647200000001,	106.79719
11442,	51.0815405,	29.0666451
11443,	-23.9724785,	-46.2043714
11444,	51.0177817,	29.0915391
11445,	-23.9563678,	-46.1924151
11446,	-23.9387402,	-46.1828522
11450,	-6.1607614,	106.7957153
11451,	40.7015189,	-73.7959546
11452,	51.0445298,	29.2806335
11453,	51.0411365,	29.4382658
11454,	-23.9482682,	-46.2797632
11460,	-6.154902799999999,	106.7794935
11461,	-23.9501432,	-46.2917408
11462,	-23.9579374,	-46.2869494
11463,	-23.9510805,	-46.2977307
11470,	-6.175133300000001,	106.7853922
11471,	-23.9655531,	-46.27497289999999
11472,	-23.9758065,	-46.2737754
11473,	-23.9533225,	-46.2923398
11479,	19.4500523,	-99.2011546
11480,	-6.1953695,	106.791291
11489,	19.4445464,	-99.1971739
11490,	19.4457743,	-99.19475090000002
11495,	-23.964257,	-46.2546196
11499,	40.69,	-73.81
115 26,	37.9897207,	23.7651761
115 27,	37.9837928,	23.7629689
115 28,	37.98049640000001,	23.7561153
115 37,	59.3473789,	18.0975334
11501,	40.7476654,	-73.6389038
11502,	18.4894457,	-69.8783536
11503,	18.4890559,	-69.86197419999999
11504,	18.4932717,	-69.8552735
11505,	-23.8424836,	-46.3936691
11506,	18.4891255,	-69.8433609
11507,	40.7691114,	-73.6506776
11509,	40.5850432,	-73.74484369999999
11510,	40.6260153,	-73.6006342
11511,	18.502556,	-69.85601799999999
11512,	50.9532135,	28.6457544
11514,	40.7491789,	-73.61535409999999
11515,	18.5262626,	-69.8463391
11516,	40.6270365,	-73.7271909
11517,	18.5297528,	-69.8522953
11518,	40.6383133,	-73.6683371
11519,	36.5175347,	-6.2216678
11520,	40.6440775,	-73.5888575
11521,	51.0171962,	28.6931463
11522,	51.08801159999999,	28.7047172
11523,	51.076479,	28.6627666
11524,	51.0748203,	28.7698584
11529,	19.4431776,	-99.2023662
11530,	40.7217973,	-73.6477342
11531,	40.72,	-73.63
11532,	51.0249033,	28.8760946
11534,	50.9567814,	28.8598715
11540,	36.7987362,	-6.2907139
11543,	24.6784114,	46.6970977
11544,	50.9114866,	28.7485711
11546,	50.87848,	28.8080299
11548,	40.8155959,	-73.6227136
11551,	40.705695,	-73.62938199999999
11554,	40.7179622,	-73.5535234
11556,	40.7,	-73.58
11557,	40.636775,	-73.69188059999999
11558,	40.6031778,	-73.6477342
11559,	40.60349830000001,	-73.7183639
11561,	40.5895272,	-73.6389038
11563,	40.6589417,	-73.6742232
11564,	50.817803,	28.1845995
11565,	40.672917,	-73.6683371
11570,	40.6608095,	-73.6359602
11573,	50.8113659,	28.6198365
11575,	40.6786944,	-73.5889997
11582,	40.6599999,	-73.7099999
11592,	36.7292412,	-5.9726832
11593,	36.6615653,	-6.0361574
116 28,	59.3181016,	18.0902238
116 29,	59.31471440000001,	18.0833575
116 35,	37.9669567,	23.746057
116 36,	37.9649405,	23.7371645
116 37,	59.31242160000001,	18.0792381
116 46,	59.3185448,	18.0728497
116 47,	59.3093768,	18.0991794
11601,	18.4837825,	-69.8783536
11606,	18.4837214,	-69.8649523
11610,	-6.1842196,	106.7411559
11611,	59.3868516,	24.6645507
11612,	50.9775337,	29.1138611
11613,	59.36806779999999,	24.6777531
11614,	59.3918434,	24.696966
11615,	59.38494729999999,	24.6968841
11616,	50.912349,	29.039778
11617,	59.3786077,	24.6902334
11618,	59.37607180000001,	24.6875738
11619,	59.3644216,	24.6882268
11620,	-6.1970854,	106.7382072
11621,	59.3833634,	24.6894998
11622,	59.38700699999999,	24.7019072
11623,	50.8684253,	29.060233
11624,	50.8217705,	28.9759175
11625,	59.39484839999999,	24.6285979
11630,	-6.204272599999999,	106.7529514
11631,	50.8568667,	29.4652733
11632,	50.7914434,	29.423982
11633,	50.77007529999999,	29.3726451
11634,	50.74373079999999,	29.34968319999999
11638,	36.7629131,	-5.780024699999999
11639,	36.6586872,	-5.6563119
11640,	-6.2175246,	106.7382072
11641,	50.8297564,	29.2175171
11642,	50.7905883,	29.2722738
11643,	50.7951207,	29.1779955
11644,	50.7842887,	29.1293242
11645,	50.7788142,	29.1727365
11648,	36.8776293,	-5.7932008
11649,	36.8561512,	-5.682612199999999
11650,	19.4313193,	-99.21829129999999
11651,	50.7280398,	29.13791639999999
11652,	50.747636,	28.9983182
11653,	50.7167901,	28.845518
11654,	50.7419579,	28.9147582
11655,	50.69184430000001,	29.2442167
11656,	50.695553,	29.0647919
11659,	37.0109244,	-5.4672962
11660,	36.7711118,	-5.551228
11661,	-23.6184276,	-45.3956935
11662,	-23.607873,	-45.38276270000001
11663,	-23.6227153,	-45.3815873
11664,	-23.579622,	-45.3533878
11665,	-23.6380434,	-45.4239186
11666,	-23.6539504,	-45.43215410000001
11667,	-23.6837556,	-45.4333307
11668,	-23.7089657,	-45.4380375
11669,	-23.7012699,	-45.4427448
11670,	36.7515757,	-5.509246999999999
11671,	-23.6734742,	-45.4568694
11672,	-23.6683615,	-45.4427448
11673,	-23.6401543,	-45.4427448
11674,	-23.6290497,	-45.4380375
11675,	-23.6232312,	-45.4251606
11676,	-23.5999039,	-45.3510386
11677,	-23.5758095,	-45.3299011
11678,	-23.6978577,	-45.4333307
11679,	36.7586394,	-5.472538399999999
11680,	36.8954499,	-5.414900299999999
11687,	36.85025,	-5.3468563
11688,	36.8189073,	-5.4463322
11689,	36.9306532,	-5.407045
11690,	40.6,	-73.75999999999999
11691,	40.6024346,	-73.762495
11692,	40.592658,	-73.7977928
11693,	40.6166766,	-73.8272029
11694,	40.5722132,	-73.8624893
11695,	40.56,	-73.89
11697,	40.5591088,	-73.9095279
117 28,	59.3176261,	18.044173
117 59,	59.30735589999999,	18.0275486
11700,	5.364249399999999,	100.2992789
11701,	40.66761049999999,	-73.4121277
11702,	40.6956692,	-73.3256983
11703,	40.7343811,	-73.32960369999999
11704,	40.7181416,	-73.3531852
11705,	40.7451572,	-73.0552854
11706,	40.7360384,	-73.2411506
11707,	40.7,	-73.33
11708,	-24.0711979,	-46.5737067
11709,	40.906958,	-73.5653021
11710,	40.6651384,	-73.52996399999999
11711,	59.45844999999999,	24.6866771
11712,	59.45972039999999,	24.6650732
11713,	40.7843631,	-72.94015089999999
11714,	40.7470968,	-73.4828374
11715,	40.7494305,	-73.0346244
11716,	40.7734855,	-73.12905959999999
11717,	40.7754622,	-73.2411506
11718,	40.7276613,	-73.2676903
11719,	40.77897859999999,	-72.9047136
11720,	40.86882629999999,	-73.0759446
11721,	40.8989447,	-73.3767641
11722,	40.7881249,	-73.19396119999999
11723,	50.6658378,	27.4448295
11724,	40.8601669,	-73.4474855
11725,	40.8357683,	-73.28243309999999
11726,	40.6777841,	-73.3973936
11727,	40.8818158,	-72.99920130000001
11729,	40.7622141,	-73.317812
11730,	40.7231906,	-73.1880618
11731,	40.8647497,	-73.3119159
11732,	40.8456135,	-73.5329091
11733,	40.9509762,	-73.0995528
11734,	50.6217166,	27.2931089
11735,	40.7245083,	-73.4298073
11736,	50.609633,	27.3573633
11737,	40.7299999,	-73.45
11738,	40.8380145,	-73.0346244
11739,	40.7178964,	-73.1526623
11740,	40.8676869,	-73.364975
11741,	40.7941562,	-73.0700421
11742,	40.8085015,	-73.0346244
11743,	40.8786991,	-73.4062342
11744,	50.5762053,	27.7126674
11745,	50.6248789,	27.7577983
11746,	40.8126648,	-73.3590802
11747,	40.7836826,	-73.4298073
11749,	40.8071938,	-73.1733127
11750,	-6.1721148,	106.7205154
11751,	40.7267132,	-73.21165839999999
11752,	40.7608524,	-73.1762626
11753,	40.78530840000001,	-73.541744
11754,	40.8935729,	-73.2411506
11755,	40.8602892,	-73.11725729999999
11756,	40.7226698,	-73.51818329999999
11757,	40.6821467,	-73.3767641
11758,	40.666393,	-73.471054
11760,	40.8,	-73.17
11761,	50.5839707,	27.4142938
11762,	40.6826867,	-73.4474855
11763,	40.8348987,	-72.9814877
11764,	40.9389569,	-72.98739239999999
11765,	40.8855531,	-73.5535234
11766,	40.9443162,	-73.0228173
11767,	40.8441592,	-73.1408613
11768,	40.9075916,	-73.3354993
11769,	40.7340752,	-73.12905959999999
11770,	40.6469432,	-73.148237
11771,	40.8722643,	-73.52996399999999
11772,	40.7758652,	-72.9814877
11773,	40.83,	-73.5
11774,	50.5739311,	27.759532
11775,	40.79,	-73.42
11776,	40.90860139999999,	-73.0464309
11777,	40.9514424,	-73.0700421
11778,	40.9456166,	-72.9342451
11779,	40.8169046,	-73.1231585
11780,	40.9026612,	-73.17036279999999
11781,	50.5352739,	27.887162
11782,	40.7368396,	-73.0818468
11783,	40.65996760000001,	-73.49462
11784,	40.8692939,	-73.0464309
11785,	50.4734908,	27.474648
11786,	40.9580487,	-72.88699299999999
11787,	40.8507116,	-73.2175571
11788,	40.8153846,	-73.21165839999999
11789,	40.966609,	-72.97558289999999
11790,	40.8978388,	-73.1054544
11791,	40.8334827,	-73.5005111
11792,	40.950835,	-72.8397317
11793,	40.6814503,	-73.506402
11794,	40.9132244,	-73.1261091
11795,	40.7111586,	-73.3060197
11796,	40.7325535,	-73.10250359999999
11797,	40.8144014,	-73.4772682
11798,	40.7512158,	-73.3767641
118 21,	59.3185059,	18.0581784
118 22,	59.31937139999999,	18.0618785
118 23,	59.31906499999999,	18.0523194
118 24,	59.31996059999999,	18.06296
118 25,	59.3217552,	18.0543176
118 26,	59.3156423,	18.068439
118 27,	59.311614,	18.0705928
118 28,	59.3142975,	18.0674393
118 29,	59.3121569,	18.0681005
118 42,	59.31015600000001,	18.0469908
118 46,	59.31849860000001,	18.0692752
118 47,	59.3174468,	18.0675278
118 48,	59.3179864,	18.0624583
118 49,	59.3179366,	18.0563075
118 51,	37.9747136,	23.7164323
118 52,	37.9672873,	23.7101314
118 55,	37.978613,	23.7017232
118 56,	59.31006250000001,	18.0723352
118 57,	59.31030930000001,	18.0680142
118 58,	59.3092637,	18.0714195
118 59,	59.3063213,	18.0685889
118 61,	59.3054695,	18.0589493
118 62,	59.30889029999999,	18.0753247
118 63,	59.313106,	18.0549714
118 64,	59.3131127,	18.0601238
118 65,	59.31256999999999,	18.0626161
118 66,	59.3116446,	18.0612851
118 67,	59.30865169999999,	18.0523067
118 69,	59.31042949999999,	18.0632776
118 72,	59.31501609999999,	18.0715132
118 83,	59.30930109999999,	18.0556606
11800,	19.4002495,	-99.17744619999999
11801,	40.7621388,	-73.51818329999999
11802,	40.7630006,	-73.53567009999999
11803,	40.7848157,	-73.471054
11804,	40.7535026,	-73.4592701
11810,	19.402037,	-99.2075588
11815,	40.7659238,	-73.5082429
11819,	40.77,	-73.53
11820,	-6.1163378,	106.7087216
11830,	-6.1342937,	106.7057733
11840,	-6.1522556,	106.702825
11850,	19.4114729,	-99.18852079999999
11853,	40.79,	-73.53999999999999
11854,	40.77,	-73.53
11860,	19.4052999,	-99.19405859999999
11870,	19.3996886,	-99.18852079999999
11900,	5.3130725,	100.2768388
11901,	40.9413697,	-72.6505957
11903,	18.5140786,	-69.8642078
11905,	18.5173022,	-69.8805871
11906,	18.5034091,	-69.8701639
11913,	59.472673,	24.8826707
11920,	5.3035138,	100.2319757
11930,	40.9928166,	-72.106068
11931,	40.9394354,	-72.6376056
11932,	40.9425715,	-72.3133529
11933,	40.9065698,	-72.7436046
11934,	40.8002863,	-72.7865518
11935,	41.0135818,	-72.4849861
11937,	41.00415659999999,	-72.1771541
11939,	41.1243899,	-72.319273
11940,	40.8064934,	-72.76291259999999
11941,	40.8287116,	-72.7156274
11942,	40.8555559,	-72.6032895
11944,	41.1123302,	-72.36663
11946,	40.88378460000001,	-72.53231389999999
11947,	40.9472292,	-72.5865618
11948,	40.9639086,	-72.558932
11949,	40.8730826,	-72.7806422
11950,	40.8093249,	-72.8456399
11951,	40.7681722,	-72.8338234
11952,	41.0050736,	-72.5559746
11953,	40.8902916,	-72.9578676
11954,	41.0443143,	-71.940134
11955,	40.8057136,	-72.82200639999999
11956,	40.9687358,	-72.4642776
11957,	41.1364192,	-72.271908
11958,	41.0334156,	-72.45540199999999
11959,	40.8133575,	-72.6003326
11960,	40.8119684,	-72.718583
11961,	40.8991599,	-72.88699299999999
11962,	40.9213308,	-72.271908
11963,	41.0092107,	-72.3015121
11964,	41.0539297,	-72.3370328
11965,	41.0851131,	-72.3488721
11967,	40.8030958,	-72.86927109999999
11968,	40.9045168,	-72.4139787
11969,	40.88,	-72.39
11970,	40.9372643,	-72.5736027
11971,	41.0648622,	-72.4376499
11972,	40.8193118,	-72.70655219999999
11973,	40.86661,	-72.88176
11975,	40.9625791,	-72.25414409999999
11976,	40.9129534,	-72.3429525
11977,	40.834894,	-72.6919814
11978,	40.8432396,	-72.6505957
11980,	40.8277344,	-72.9342451
12003,	39.9837973,	-0.03031979999999999
12007,	42.4552323,	-73.9301037
12008,	42.8579471,	-73.9021788
12009,	42.7194117,	-74.006509
12010,	42.9297842,	-74.1474846
12015,	42.2825588,	-73.8301437
12016,	42.93,	-74.3199999
12017,	42.304307,	-73.45337789999999
12018,	42.6129977,	-73.5358541
12019,	42.9352394,	-73.8536683
12020,	43.0033171,	-73.86542949999999
12022,	42.6613093,	-73.3472901
12023,	42.5866931,	-74.1474846
12024,	42.493309,	-73.5255463
12025,	43.0815394,	-74.1474846
12027,	42.923039,	-73.90070899999999
12028,	42.9146294,	-73.45337789999999
12029,	42.396649,	-73.4298073
12030,	44.691935,	7.589737200000001
12031,	42.7667343,	-74.4613553
12032,	43.1719346,	-74.5228916
12033,	42.5338243,	-73.712479
12035,	42.72540960000001,	-74.3528822
12036,	42.5475517,	-74.6576091
12037,	42.3373861,	-73.5476338
12038,	44.6487602,	7.6765157
12040,	42.6313993,	-73.3583433
12041,	42.5801763,	-73.9506774
12042,	42.3920969,	-73.87425
12043,	42.7076638,	-74.5346103
12045,	42.4739699,	-73.7922779
12046,	42.48790520000001,	-73.9242251
12047,	42.7851766,	-73.7360175
12049,	52.4772906,	13.4219765
12050,	42.3269076,	-73.75263989999999
12051,	42.3435653,	-73.8536683
12052,	42.7584367,	-73.48872879999999
12053,	42.7460957,	-74.1944529
12054,	42.6076766,	-73.859549
12055,	42.44,	-74.2
12056,	42.75972280000001,	-74.0887576
12057,	42.9539491,	-73.3354993
12058,	42.3537116,	-73.9242251
12059,	42.6115887,	-74.05351259999999
12060,	42.407101,	-73.5005111
12061,	42.6033695,	-73.6653939
12062,	42.5218727,	-73.5005111
12063,	42.5656526,	-73.6359602
12064,	42.6145962,	-74.6576091
12065,	42.837849,	-73.77132
12066,	42.7961096,	-74.347017
12067,	42.5486853,	-73.94773839999999
12068,	42.9581642,	-74.41738769999999
12069,	42.94070989999999,	-74.28395309999999
12070,	42.9731842,	-74.2531465
12071,	42.5535822,	-74.4232507
12072,	42.8867129,	-74.3822058
12073,	42.6659873,	-74.2347154
12074,	43.0380915,	-74.0417628
12075,	42.2936291,	-73.6418473
12076,	42.42803989999999,	-74.3822058
12077,	42.60139789999999,	-73.78308609999999
12078,	43.1145329,	-74.3822058
12081,	-23.0278295,	-45.5322724
12082,	42.769452,	-73.45022709999999
12083,	42.4088886,	-74.0417628
12084,	42.7003239,	-73.9065883
12085,	42.69824380000001,	-73.9668408
12086,	42.9618928,	-74.156292
12087,	42.427058,	-73.90070899999999
12089,	42.8658316,	-73.312653
12090,	42.8893778,	-73.3472901
12092,	42.7072707,	-74.3939339
12093,	42.4987968,	-74.6166192
12094,	42.921602,	-73.5005111
12095,	43.015141,	-74.41738769999999
12099,	52.45908559999999,	13.403328
12101,	52.4761765,	13.3962999
12103,	52.4639426,	13.3728893
12105,	52.44530779999999,	13.3794997
12106,	42.3806695,	-73.712479
12107,	42.6708441,	-74.1165212
12108,	43.460894,	-74.42911350000001
12109,	52.44672749999999,	13.4019777
12110,	42.7539447,	-73.78308609999999
12115,	42.4727319,	-73.5888575
12116,	42.5480853,	-74.90918529999999
12117,	43.1705149,	-74.24140919999999
12118,	42.9069858,	-73.7242486
12120,	42.4414085,	-74.1357407
12121,	42.8405817,	-73.59474589999999
12122,	42.5365419,	-74.3352858
12123,	42.5122393,	-73.6300729
12124,	42.4474212,	-73.7845569
12125,	42.48881009999999,	-73.4062342
12128,	42.72,	-73.75999999999999
12130,	42.4467582,	-73.65656419999999
12131,	42.4834194,	-74.4701475
12132,	42.4728867,	-73.6389038
12133,	42.9275268,	-73.3436078
12134,	43.2838699,	-74.24140919999999
12137,	42.8850979,	-74.0747229
12139,	43.43780479999999,	-74.51577
12143,	42.4968966,	-73.8536683
12144,	42.613659,	-73.7360175
12147,	42.5213782,	-74.1592278
12148,	42.840262,	-73.8536683
12150,	42.8756327,	-74.0505752
12158,	42.5474845,	-73.8066163
12165,	42.3149677,	-73.5093474
12169,	42.58779029999999,	-73.4298073
12177,	42.9521728,	-74.2810193
12184,	42.4121386,	-73.6653939
12186,	42.6284995,	-73.9712488
12187,	42.6214813,	-74.4642861
12188,	42.8163568,	-73.68893779999999
12189,	42.7397816,	-73.7183639
12190,	43.5694494,	-74.2648829
12192,	42.3943233,	-73.8066163
12193,	42.4968098,	-74.05351259999999
12194,	42.525746,	-74.4642861
12195,	42.4864544,	-73.4642259
12196,	42.62901249999999,	-73.6124102
12197,	42.58827369999999,	-74.7102958
12198,	42.6762253,	-73.6418473
12201,	42.65,	-73.75999999999999
12202,	42.6322463,	-73.7654367
12203,	42.6823182,	-73.8477874
12204,	42.68433760000001,	-73.7301331
12205,	42.722661,	-73.8301437
12206,	42.6757698,	-73.7860276
12207,	42.6568958,	-73.7463147
12208,	42.6547387,	-73.7889689
12209,	42.6356581,	-73.7889689
12210,	42.6532844,	-73.762495
12211,	42.7068178,	-73.7536695
12212,	42.7126624,	-73.7760119
12214,	42.65,	-73.75999999999999
12220,	42.65,	-73.75999999999999
12221,	24.6887037,	46.6958899
12222,	42.6907733,	-73.8279381
12223,	42.65,	-73.75999999999999
12224,	42.6516306,	-73.75503069999999
12225,	42.65,	-73.75999999999999
12226,	42.6820502,	-73.8088221
12227,	42.65,	-73.75999999999999
12228,	42.65,	-73.75999999999999
12229,	42.65,	-73.75999999999999
12230,	42.65,	-73.75999999999999
12231,	42.65,	-73.75999999999999
12232,	42.68094139999999,	-73.8052399
12233,	42.72,	-73.83
12234,	42.6912895,	-73.8459496
12235,	42.7383321,	-73.8191156
12236,	42.65,	-73.75999999999999
12237,	42.65,	-73.75999999999999
12238,	42.65,	-73.75999999999999
12239,	42.65,	-73.75999999999999
12240,	42.65,	-73.75999999999999
12241,	42.65,	-73.75999999999999
12242,	42.65,	-73.75999999999999
12243,	42.65,	-73.75999999999999
12244,	42.65,	-73.75999999999999
12245,	42.65,	-73.75999999999999
12246,	42.6478543,	-73.7487051
12247,	42.65,	-73.75999999999999
12248,	42.65,	-73.75999999999999
12249,	42.65,	-73.75999999999999
12250,	42.65,	-73.75999999999999
12252,	42.65,	-73.75999999999999
12255,	42.65,	-73.75999999999999
12256,	42.65,	-73.75999999999999
12257,	42.65,	-73.75999999999999
12260,	42.6786955,	-73.7807832
12261,	42.72,	-73.83
12272,	24.7398389,	46.6789846
12274,	24.7460135,	46.67294829999999
12277,	52.4107352,	13.3756523
12279,	52.4111017,	13.3488473
12288,	42.719891,	-73.8521981
12289,	-23.143656,	-45.6668835
12295,	-23.1795139,	-45.7284124
123 48,	59.24639120000001,	18.0767701
123 58,	59.25645329999999,	18.0688281
12301,	42.82,	-73.94
12302,	42.8649909,	-73.95949399999999
12303,	42.7552682,	-73.9242251
12304,	42.7765383,	-73.9065883
12305,	42.8129576,	-73.9447994
12306,	42.7956221,	-74.006509
12307,	42.8065128,	-73.93304289999999
12308,	42.8162941,	-73.91834639999999
12309,	42.8056144,	-73.87719009999999
12310,	-6.2775326,	106.7794935
12311,	24.6827604,	46.6826067
12312,	24.6793044,	46.67294829999999
12313,	24.690563,	46.6777773
12314,	24.6863469,	46.66932689999999
12315,	50.5311397,	28.8528494
12316,	50.5424261,	28.9206214
12317,	40.7057134,	-0.0279867
12318,	40.5837328,	-0.2168502
12319,	40.6651375,	0.009326599999999999
12321,	24.6806128,	46.6632918
12322,	24.6801915,	46.6488106
12323,	50.526329,	28.766164
12324,	24.6848494,	46.645191
12325,	42.87,	-73.92999999999999
12326,	50.4791967,	28.7946095
12327,	24.6919948,	46.645191
12328,	24.6967584,	46.645191
12329,	24.6909175,	46.6355399
12330,	-6.2678825,	106.7617984
12331,	24.6976056,	46.6741555
12333,	24.7054062,	46.66932689999999
12334,	24.699671,	46.6632918
12336,	50.369585,	28.6057692
12340,	44.4614137,	2.7182728
12341,	24.7140708,	46.6669128
12342,	24.7121277,	46.654844
12343,	24.7218694,	46.6620849
12344,	24.7207903,	46.6524305
12345,	42.8140012,	-73.9814578
12346,	50.380426,	28.7485071
12347,	52.4505806,	13.430038
12349,	52.427903,	13.4149763
12351,	52.4342087,	13.4560645
12352,	24.7034339,	46.6393001
12353,	52.4228052,	13.4574038
12354,	24.7165706,	46.64398449999999
12355,	52.40750329999999,	13.4975639
12357,	52.4275753,	13.488207
12359,	52.4480476,	13.4519726
12360,	43.7904302,	2.9775558
12361,	24.7312908,	46.6584643
12362,	24.7262049,	46.6476041
12363,	24.7390873,	46.6536372
12364,	24.735624,	46.64398449999999
12370,	43.7964001,	2.7381672
12371,	24.7243661,	46.6391588
12372,	24.7191722,	46.62468459999999
12373,	24.7364892,	46.6198608
12381,	24.7468827,	46.6488106
12382,	24.7434183,	46.6391588
12383,	24.754677,	46.64398449999999
12384,	24.7512116,	46.6343336
12385,	24.7485033,	46.6234786
12390,	44.432404,	2.3221622
12391,	24.7443895,	46.6186549
12392,	24.7394094,	46.6114203
12393,	24.7329154,	46.6065978
12394,	24.737458,	46.5993648
12395,	24.7303165,	46.5993648
12401,	41.9511782,	-74.006509
12402,	41.93,	-74
12403,	50.2817573,	28.7808863
12404,	41.82939890000001,	-74.24140919999999
12405,	42.3235416,	-74.0828839
12409,	42.0558187,	-74.16509909999999
12410,	42.0831161,	-74.4642861
12411,	41.8807655,	-74.03882519999999
12415,	50.2959665,	28.5242005
12416,	42.102925,	-74.29422079999999
12417,	41.9106719,	-73.9896143
12418,	42.36797019999999,	-74.1592278
12419,	41.8560199,	-74.103441
12420,	41.673382,	-74.38770339999999
12421,	42.25120889999999,	-74.528751
12422,	42.3898226,	-74.21206289999999
12423,	42.3844898,	-74.1063776
12424,	42.2493025,	-74.1357407
12425,	24.7280957,	46.73938709999999
12426,	24.7315533,	46.74905829999999
12427,	42.15764009999999,	-74.10050439999999
12428,	41.7309078,	-74.4408385
12429,	41.82143019999999,	-73.96243270000001
12430,	42.2102016,	-74.4760088
12431,	42.3705107,	-74.0417628
12432,	42.03973,	-73.93304289999999
12433,	42.0030173,	-74.1504204
12434,	42.3506071,	-74.4818698
12435,	41.7252168,	-74.505312
12436,	42.2008077,	-74.0652616
12437,	52.4609077,	13.4815474
12438,	42.2048908,	-74.6016116
12439,	42.2841223,	-74.21206289999999
12440,	41.7887335,	-74.1592278
12441,	42.1422479,	-74.5102589
12442,	42.220738,	-74.2061931
12443,	41.9338414,	-74.0887576
12444,	42.2691354,	-74.27661859999999
12445,	24.7463766,	46.71869479999999
12446,	41.8425225,	-74.3352858
12447,	40.03605719999999,	-0.5554372
12448,	42.0800954,	-74.20032309999999
12449,	41.98250650000001,	-73.9888797
12450,	42.127653,	-74.22967129999999
12451,	42.31471790000001,	-73.9536163
12452,	42.24121700000001,	-74.3653453
12453,	42.0968013,	-73.9329982
12454,	42.2910991,	-74.1592278
12455,	42.0750756,	-74.6166192
12456,	42.0344874,	-73.9976946
12457,	42.03438680000001,	-74.2531465
12458,	41.8248194,	-74.41738769999999
12459,	42.2284964,	-74.68834500000001
12460,	42.4131449,	-74.156292
12461,	41.8989097,	-74.2531465
12462,	24.7451384,	46.6970977
12463,	42.19411969999999,	-74.018261
12464,	42.0748618,	-74.3352858
12465,	42.1579659,	-74.4818698
12466,	41.9094458,	-73.96831019999999
12467,	24.7698371,	46.67294829999999
12468,	42.2807706,	-74.42911350000001
12469,	42.4546609,	-74.22967129999999
12470,	42.2930424,	-74.0711359
12471,	41.8382899,	-74.0424972
12472,	41.8389845,	-74.0858207
12473,	42.2552104,	-74.0417628
12474,	42.3001868,	-74.5697617
12475,	42.0187612,	-74.0101816
12476,	24.7724324,	46.7067607
12477,	42.0671207,	-74.006509
12478,	24.7802328,	46.7019289
12480,	42.1280439,	-74.370477
12481,	41.9891201,	-74.2061931
12482,	42.2666694,	-73.9536163
12483,	41.6635379,	-74.427657
12484,	41.8696338,	-74.1827119
12485,	42.2107979,	-74.1357407
12486,	41.8376593,	-74.0593872
12487,	41.8623834,	-73.99475629999999
12488,	24.7879211,	46.7200504
12489,	41.7496976,	-74.3572811
12490,	42.1227865,	-73.9339921
12491,	41.97918809999999,	-74.1357407
12492,	42.1986581,	-74.3235539
12493,	41.7949046,	-73.9599984
12494,	41.9603008,	-74.27661859999999
12495,	42.0850464,	-74.23554039999999
12496,	42.33151549999999,	-74.24140919999999
12498,	42.0531794,	-74.1122506
12499,	39.8471623,	-0.3277829
125 58,	59.2786401,	17.9812349
12501,	41.844384,	-73.5358541
12502,	42.0968071,	-73.6771662
12503,	42.03311739999999,	-73.5711912
12504,	42.0249933,	-73.90232
12505,	-22.8110576,	-45.1985947
12506,	41.8759642,	-73.6914208
12507,	41.9986478,	-73.9248405
12508,	41.4896627,	-73.9712488
12509,	-22.797593,	-45.2267006
12510,	41.6770047,	-73.7535413
12511,	41.5459117,	-73.9597476
12512,	41.5544479,	-73.9673918
12513,	42.2196948,	-73.69482339999999
12514,	41.8399828,	-73.77132
12515,	41.68233439999999,	-74.0593872
12516,	42.1102155,	-73.5711912
12517,	42.134387,	-73.506402
12518,	41.4020757,	-74.0417628
12519,	-22.7685931,	-45.18454819999999
12520,	41.43041789999999,	-74.00063279999999
12521,	42.1783093,	-73.6418473
12522,	41.72707219999999,	-73.59474589999999
12523,	42.0719216,	-73.77132
12524,	41.5380659,	-73.90070899999999
12525,	41.67544700000001,	-74.1827119
12526,	42.12406680000001,	-73.86542949999999
12527,	41.519095,	-73.933106
12528,	41.7185486,	-74.006509
12529,	42.230073,	-73.5358541
12530,	42.2078062,	-73.68746639999999
12531,	41.54304640000001,	-73.6653939
12532,	24.6884394,	46.6053922
12533,	41.5359809,	-73.8183804
12534,	42.2259955,	-73.77132
12535,	50.2437572,	29.11187869999999
12536,	50.2767886,	29.278552
12537,	41.5806292,	-73.9303041
12538,	41.8101721,	-73.90070899999999
12539,	39.8938386,	-0.1261013
12540,	41.66998479999999,	-73.7360175
12541,	42.135775,	-73.7838215
12542,	41.6099227,	-73.99475629999999
12543,	41.4875473,	-74.21499779999999
12544,	42.2527712,	-73.6669007
12545,	41.7875713,	-73.6771662
12546,	41.9683033,	-73.5240738
12547,	41.6649346,	-73.9712488
12548,	41.6598168,	-74.1063776
12549,	41.5180848,	-74.24140919999999
12550,	41.5306113,	-74.05351259999999
12551,	41.504526,	-74.01803500000001
12552,	41.504526,	-74.01803500000001
12553,	41.44780009999999,	-74.0887576
12554,	24.6664788,	46.5873123
12555,	41.513559,	-74.11062559999999
12556,	24.6682143,	46.56562520000001
12557,	52.4267703,	13.5883839
12559,	52.416925,	13.6492904
12560,	-6.2866002,	106.8148879
12561,	41.7318899,	-74.10050439999999
12563,	41.5098312,	-73.5711912
12564,	41.5796695,	-73.5829689
12565,	42.2541047,	-73.6506776
12566,	41.636776,	-74.3235539
12567,	41.9696778,	-73.6653939
12568,	41.6176719,	-74.07632009999999
12569,	41.723642,	-73.77132
12570,	41.6208623,	-73.6653939
12571,	42.0015198,	-73.8183804
12572,	41.9309816,	-73.86542949999999
12573,	24.7212246,	46.5873123
12574,	41.91887759999999,	-73.95177939999999
12575,	41.47726919999999,	-74.1592278
12576,	24.7178691,	46.5812872
12577,	41.425507,	-74.1210597
12578,	41.800634,	-73.80073399999999
12579,	40.2497909,	0.2784385
12580,	41.8615472,	-73.8536683
12581,	41.9037411,	-73.6771662
12582,	41.5338251,	-73.7360175
12583,	42.0616357,	-73.90070899999999
12584,	41.460398,	-74.0603051
12585,	41.7174068,	-73.69482339999999
12586,	41.558605,	-74.1827119
12587,	52.461374,	13.6406056
12588,	41.629992,	-74.372411
12589,	41.61375100000001,	-74.1592278
12590,	41.588439,	-73.9124674
12591,	24.7007214,	46.5782749
12592,	41.794249,	-73.5240738
12593,	39.8012029,	-0.15418
12594,	41.6813623,	-73.5476338
12595,	40.1247556,	0.0933686
12596,	40.2167332,	0.1963364
12597,	40.37997379999999,	0.2713944
12598,	40.3593167,	0.3654204
12599,	40.6954526,	0.1682271
126 35,	59.30018450000001,	18.0074495
126 36,	59.30151129999999,	17.9981495
126 37,	59.2984889,	17.998483
126 38,	59.2934389,	17.9921767
126 39,	59.2879387,	18.0150877
126 47,	59.30310060000001,	17.9948274
126 48,	59.30496240000001,	18.002632
126 49,	59.3054783,	18.0094417
126 77,	59.2876765,	18.0091114
126 78,	59.28807709999999,	17.9984876
12600,	39.8062185,	-0.2338473
12601,	41.7165144,	-73.9242251
12602,	41.707103,	-73.92806709999999
12603,	41.6983702,	-73.86542949999999
12604,	41.6940961,	-73.9001578
12605,	-22.7340342,	-45.1003586
12606,	50.3366666,	29.4648185
12607,	-22.7483749,	-45.1143795
12608,	-22.7433855,	-45.1365881
12609,	39.8473074,	-0.2713944
12610,	-6.3255202,	106.8370122
12611,	24.6764288,	46.6965459
12612,	24.6674621,	46.7031368
12613,	24.6580314,	46.7067607
12614,	50.2836132,	29.6349731
12615,	50.3164302,	29.5933252
12616,	59.39247940000001,	24.6632966
12617,	59.3897029,	24.6503775
12618,	59.4004054,	24.6544359
12619,	52.5242607,	13.5906407
12620,	-6.327337099999999,	106.8207875
12621,	52.50511179999999,	13.5883966
12622,	24.6860806,	46.7152173
12623,	52.5032943,	13.6073142
12624,	24.6772027,	46.7103848
12625,	24.6767523,	46.72246699999999
12626,	24.6692919,	46.7115929
12627,	52.5379498,	13.613039
12628,	24.6613808,	46.712801
12629,	52.5404207,	13.5918452
12630,	-6.3455471,	106.8119382
12631,	24.650223,	46.7115929
12632,	24.6414489,	46.7103848
12633,	24.634298,	46.7103848
12634,	24.634298,	46.7103848
12640,	44.1951821,	3.1478514
12641,	24.6552973,	46.72246699999999
12642,	24.6571248,	46.7309264
12643,	24.6441384,	46.7212587
12644,	24.6483491,	46.7297178
12645,	24.6362258,	46.72246699999999
12646,	24.6411967,	46.7297178
12650,	39.22721550000001,	40.1011679
12651,	24.6239013,	46.7079687
12652,	24.623343,	46.7164256
12653,	24.6137069,	46.712801
12654,	24.6186762,	46.7200504
12655,	24.6080777,	46.7103848
12656,	24.612386,	46.72246699999999
12661,	24.6362258,	46.72246699999999
12662,	24.6333842,	46.7345522
12663,	24.6267909,	46.7260923
12664,	24.6231862,	46.73938709999999
12665,	24.6176888,	46.7307907
12671,	24.6000651,	46.7079687
12672,	24.6041718,	46.712801
12673,	24.5929141,	46.7079687
12674,	24.5987432,	46.71763379999999
12675,	24.5899689,	46.7164256
12679,	52.548012,	13.5617443
12681,	52.5546409,	13.539811
12682,	24.611164,	46.7357609
12683,	52.49816130000001,	13.5581889
12684,	24.6017261,	46.73938709999999
12685,	52.53795419999999,	13.5664266
12687,	52.5564034,	13.5639941
12689,	52.56449509999999,	13.5719271
12691,	24.6129867,	46.7442224
12692,	24.6155708,	46.7514763
12693,	24.6043095,	46.7466403
12694,	24.6072775,	46.7536377
127 39,	59.28118980000001,	17.9215133
12700,	44.54931,	2.1253854
12701,	41.6607514,	-74.7102958
12702,	50.2924464,	27.6688211
12703,	-22.5887979,	-44.9860096
12704,	-22.5592408,	-44.9836775
12705,	-22.5688707,	-44.9696822
12710,	-6.2365111,	106.8222625
12711,	24.6724696,	46.6838141
12712,	24.667048,	46.6886441
12713,	24.6713973,	46.6741555
12714,	24.6627304,	46.67657
12715,	50.4114562,	27.6512644
12716,	50.4032188,	27.4654311
12717,	50.4077025,	27.5679689
12719,	41.4793923,	-74.88579890000001
12720,	41.6542312,	-74.9150313
12721,	41.5750954,	-74.4408385
12722,	41.5899024,	-74.38385509999999
12723,	41.7682361,	-75.0026972
12724,	41.8388074,	-74.94608509999999
12725,	41.9848097,	-74.5228916
12726,	41.6922615,	-74.9442585
12727,	41.65,	-74.97999999999999
12729,	41.4670284,	-74.5934145
12730,	-6.2659511,	106.8207875
12731,	24.6623855,	46.6922669
12732,	41.5739881,	-74.8624092
12733,	41.7396867,	-74.6107628
12734,	41.71738500000001,	-74.7688173
12735,	24.6466693,	46.6983054
12736,	41.8450803,	-75.03190860000001
12737,	41.4781684,	-74.8039205
12738,	41.660637,	-74.5844061
12740,	41.93311850000001,	-74.42911350000001
12741,	41.8415561,	-75.07863569999999
12742,	41.7187421,	-74.7249281
12743,	41.5456403,	-74.8331674
12744,	24.6347527,	46.6983054
12745,	41.7831226,	-75.0231457
12746,	41.4705169,	-74.6751731
12747,	41.7436101,	-74.6751731
12748,	41.7557496,	-74.90918529999999
12749,	41.6875737,	-74.8185446
12750,	41.7486639,	-74.947181
12751,	41.6767031,	-74.6663913
12752,	41.6777305,	-74.9997758
12753,	24.6363145,	46.66932689999999
12754,	41.7920535,	-74.74541119999999
12755,	24.6237442,	46.6741555
12756,	24.6247845,	46.67103160000001
12758,	41.939285,	-74.7571147
12759,	41.775259,	-74.6576091
12760,	41.8728068,	-75.1311874
12761,	24.6348303,	46.645191
12762,	41.6482632,	-74.7980705
12763,	41.6822326,	-74.511172
12764,	41.5814163,	-74.9910112
12765,	41.8538465,	-74.6283316
12766,	41.8178555,	-74.9734805
12767,	41.8564066,	-74.99831499999999
12768,	41.8666039,	-74.72200169999999
12769,	41.6431129,	-74.4481662
12770,	41.43807899999999,	-74.8331674
12771,	41.3662803,	-74.6283316
12772,	24.6107167,	46.6910592
12773,	24.6095498,	46.6777773
12774,	24.6086369,	46.7019289
12775,	41.61962219999999,	-74.5873348
12776,	41.9644758,	-74.9442585
12777,	41.5436883,	-74.7102958
12778,	41.6575475,	-74.8126951
12779,	41.7023616,	-74.6224755
12780,	41.4377501,	-74.72200169999999
12781,	41.6204717,	-74.45085329999999
12782,	24.6018922,	46.6596712
12783,	41.7576335,	-74.8507131
12784,	41.6679868,	-74.62549
12785,	41.5118599,	-74.55756889999999
12786,	41.6489054,	-74.8390162
12787,	41.799278,	-74.82585619999999
12788,	41.7891556,	-74.5814773
12789,	41.6918858,	-74.5814773
12790,	41.5961576,	-74.5228916
12791,	41.7869839,	-74.9062622
12792,	41.51782439999999,	-74.93549089999999
12793,	24.5904869,	46.6777773
12794,	24.5847587,	46.6717412
12795,	24.5805518,	46.6632918
12796,	24.5926131,	46.6970977
12797,	24.5851618,	46.686229
12798,	24.5801946,	46.6789846
12799,	24.5743664,	46.66932689999999
128 67,	59.2556578,	18.1106446
128 68,	59.2506253,	18.1146108
128 69,	59.2544762,	18.1033384
12800,	44.1674809,	2.3221622
12801,	43.3163893,	-73.6477342
12803,	43.2941106,	-73.6241855
12804,	43.3228611,	-73.7242486
12808,	43.746379,	-73.7360175
12809,	43.2506139,	-73.48872879999999
12810,	43.4928214,	-73.9242251
12811,	43.6168513,	-74.0257007
12812,	43.8775459,	-74.3939339
12813,	24.6979645,	46.7418047
12814,	43.6094029,	-73.6300729
12815,	43.6910965,	-73.6771662
12816,	43.0100604,	-73.3944466
12817,	43.6368604,	-73.8183804
12819,	43.5885734,	-73.48872879999999
12820,	43.4559752,	-73.6344299
12821,	43.46012,	-73.4121277
12822,	43.2370339,	-73.9124674
12823,	43.1799119,	-73.40918099999999
12824,	43.5149933,	-73.68893779999999
12827,	43.4609006,	-73.5122928
12828,	43.2533606,	-73.5711912
12830,	-6.2327029,	106.8606139
12831,	43.2029076,	-73.6771662
12832,	43.3730213,	-73.3001233
12833,	43.1479188,	-73.8183804
12834,	43.08426240000001,	-73.5122928
12836,	43.7560774,	-73.5476338
12837,	43.5458223,	-73.2647416
12839,	43.3328753,	-73.5358541
12840,	-6.220027900000001,	106.8576636
12841,	43.6397684,	-73.5108201
12842,	43.78246559999999,	-74.2653895
12843,	43.5582611,	-74.05351259999999
12844,	43.4679714,	-73.6260254
12845,	43.4399291,	-73.68893779999999
12846,	43.3365373,	-73.8183804
12847,	43.9928998,	-74.62096939999999
12848,	43.1043429,	-73.5223314
12849,	43.4518961,	-73.2942267
12850,	43.0993421,	-74.006509
12851,	43.8201675,	-74.05351259999999
12852,	43.9479256,	-74.1650828
12853,	43.6706769,	-74.05351259999999
12854,	43.4662818,	-73.3590802
12855,	44.0247825,	-73.7890242
12856,	43.7362402,	-74.103441
12857,	43.8372409,	-73.9124674
12858,	43.8663689,	-73.66377109999999
12859,	43.1692549,	-73.90070899999999
12860,	43.741383,	-73.8301437
12861,	43.7613387,	-73.3944466
12862,	43.6449286,	-73.9065883
12863,	43.0552581,	-73.9301037
12864,	43.73081,	-74.30323
12865,	43.22959549999999,	-73.3472901
12866,	43.0964412,	-73.7242486
12870,	43.8594736,	-73.808392
12871,	43.0946647,	-73.6178724
12872,	43.8760555,	-73.7360587
12873,	43.1205956,	-73.3119159
12874,	43.6703321,	-73.5358541
12875,	24.6228249,	46.75510370000001
12878,	43.4388747,	-74.006509
12879,	43.97,	-74.17
12881,	24.6406814,	46.7684062
12882,	24.6327642,	46.7696157
12883,	43.8523865,	-73.5053952
12884,	43.0887444,	-73.5933658
12885,	43.5244511,	-73.8183804
12886,	43.6500053,	-73.9418603
12887,	43.5675412,	-73.3472901
12891,	24.6457521,	46.7792927
12892,	24.6484371,	46.7901815
12893,	24.6395569,	46.7853417
12894,	24.6421415,	46.7926016
12895,	24.6332614,	46.78776149999999
12896,	24.6345371,	46.7960115
129 38,	59.3011188,	17.969591
12900,	-34.835031,	-56.2230875
12901,	44.74786659999999,	-73.44167209999999
12902,	-22.9556309,	-46.5523766
12903,	44.670804,	-73.4513324
12904,	-22.9428347,	-46.5427434
12906,	-22.9381139,	-46.5463557
12908,	-22.9287085,	-46.5571938
12910,	44.8888815,	-73.62157599999999
12911,	44.5306229,	-73.478066
12912,	44.4826367,	-73.7027444
12913,	44.3777799,	-74.0223595
12914,	44.9208151,	-74.58241149999999
12915,	44.858102,	-74.03377069999999
12916,	44.8544622,	-74.5155855
12917,	44.9304742,	-74.1742147
12918,	44.7133338,	-73.6589888
12919,	44.9800395,	-73.46209689999999
12920,	44.8745732,	-74.0494298
12921,	44.8952882,	-73.40667549999999
12922,	44.2830111,	-74.6894238
12923,	44.9734522,	-73.9403567
12924,	44.478994,	-73.58121179999999
12926,	44.9509042,	-74.3190606
12927,	44.1911072,	-74.8407809
12928,	43.9694367,	-73.5388992
12929,	44.7234692,	-73.7201413
12930,	44.7171399,	-74.552858
12931,	24.656837,	46.6102146
12932,	44.2114723,	-73.6541968
12933,	44.8934723,	-73.8369843
12934,	44.8537682,	-73.90453649999999
12935,	44.83275,	-73.75954130000001
12936,	44.2871682,	-73.4019728
12937,	44.9639411,	-74.480772
12939,	44.4207269,	-74.1749543
12940,	-6.2197608,	106.8266873
12941,	44.3433912,	-73.71925279999999
12942,	44.266991,	-73.7767398
12943,	44.12835450000001,	-73.8572374
12944,	44.4751919,	-73.45951869999999
12945,	44.3350862,	-74.2522848
12946,	44.2042479,	-73.9932334
12947,	-23.1461337,	-46.5596027
12948,	-23.1245147,	-46.6078033
12949,	44.76,	-74.66
12950,	44.350174,	-73.57259739999999
12951,	24.6144986,	46.6283028
12952,	44.7132921,	-73.920277
12953,	44.7751453,	-74.2879487
12954,	24.6079912,	46.6182057
12955,	44.7834223,	-73.9450799
12956,	44.0953301,	-73.5191956
12957,	44.8362484,	-74.5902644
12958,	44.9592324,	-73.5801674
12959,	44.9664714,	-73.6946166
12960,	44.0177183,	-73.54897799999999
12961,	44.0453738,	-73.5777361
12962,	44.702701,	-73.5866241
12963,	24.605177,	46.5939409
12964,	44.1353022,	-73.64726900000001
12965,	44.6846035,	-74.6607867
12966,	44.7743365,	-74.4178683
12967,	44.7649841,	-74.69383719999999
12969,	44.6917959,	-74.1016624
12970,	44.4532473,	-74.2883842
12971,	24.6065946,	46.6295089
12972,	44.5731475,	-73.54523089999999
12973,	44.3360455,	-74.5967127
12974,	44.0572027,	-73.46754949999999
12975,	44.5533963,	-73.3802326
12976,	44.4721486,	-74.17154719999999
12977,	44.299953,	-74.08449089999999
12978,	44.6171017,	-73.8130876
12980,	44.5774715,	-74.5015923
12981,	44.6222909,	-73.88167039999999
12982,	24.5876443,	46.6331274
12983,	44.2239175,	-74.2637865
12984,	24.5798412,	46.6379525
12985,	44.5664236,	-73.7579248
12986,	44.2014308,	-74.5057475
12987,	44.3225401,	-73.78640109999999
12988,	24.5709209,	46.6596712
12989,	44.5101891,	-74.0239963
12991,	24.5810545,	46.62468459999999
12993,	44.18338259999999,	-73.4637448
12995,	44.8104845,	-74.2624372
13000,	14.3523939,	100.5521142
13006,	43.2875818,	5.380868299999999
13007,	43.2839895,	5.3547034
13008,	43.25424,	5.3819969
13009,	43.2290357,	5.4463322
13010,	43.2731832,	5.4306141
13011,	43.28489159999999,	5.488267899999999
13012,	43.3071618,	5.4253757
13013,	43.3649321,	5.4253757
13014,	43.3426011,	5.38872
13015,	43.3628362,	5.3677844
13020,	42.8211671,	-76.074725
13021,	42.9024331,	-76.5719414
13022,	42.9269714,	-76.64008170000001
13024,	42.9347242,	-76.5744697
13026,	42.7600442,	-76.6643728
13027,	43.1474925,	-76.3868797
13028,	43.3103683,	-75.9347113
13029,	43.2252766,	-76.16678069999999
13030,	43.21035870000001,	-75.96954649999999
13031,	43.0328479,	-76.30583279999999
13032,	43.0808792,	-75.754806
13033,	43.1751935,	-76.6181655
13034,	42.8887688,	-76.6990172
13035,	42.9262799,	-75.8301537
13037,	43.05462,	-75.8650148
13039,	43.1758248,	-76.07399989999999
13040,	42.5604431,	-75.96954649999999
13041,	43.192952,	-76.2131474
13042,	43.2797488,	-75.841775
13044,	43.3000986,	-76.0043731
13045,	42.5890797,	-76.2015572
13052,	42.7349941,	-75.8301537
13053,	42.4709592,	-76.2594981
13054,	43.1752175,	-75.6906241
13056,	42.67,	-76.1
13057,	43.0968443,	-76.0507949
13061,	42.8763306,	-75.737149
13062,	42.4854293,	-76.3852991
13064,	43.32,	-76.7
13065,	42.8109017,	-76.8216396
13066,	43.037971,	-75.9985693
13068,	42.5014845,	-76.3521514
13069,	43.3375272,	-76.3868797
13072,	42.76156270000001,	-75.737149
13073,	42.6115988,	-76.3868797
13074,	43.32178870000001,	-76.5719414
13076,	43.3552401,	-76.1435915
13080,	43.0824217,	-76.4794435
13081,	42.6694829,	-76.6297189
13082,	43.1043345,	-75.9579358
13083,	43.6641602,	-75.96954649999999
13084,	42.8788382,	-76.0623979
13086,	52.554561,	13.4466476
13087,	42.6964146,	-76.16351999999999
13088,	43.1085295,	-76.1841701
13089,	43.1389871,	-76.2267908
13090,	43.1462926,	-76.2226032
13092,	42.6309608,	-76.4678766
13093,	43.4984574,	-76.3858403
131 61,	59.30563489999999,	18.1537034
13101,	42.6104215,	-76.0623979
13102,	42.5502772,	-76.2902691
13104,	42.9819148,	-75.96954649999999
13113,	43.16417999999999,	-76.53331
13114,	43.4721467,	-76.247912
13115,	43.3983981,	-76.4784495
13116,	43.0747792,	-76.0072749
13117,	43.0096909,	-76.70298629999999
13118,	42.7269028,	-76.3868797
13119,	42.97445,	-76.42756
13123,	43.2230362,	-75.7787543
13124,	42.6472215,	-75.8185314
13125,	52.6325588,	13.4775758
13126,	43.4244918,	-76.4794435
13128,	39.1508677,	-4.2230836
13129,	52.5933459,	13.4583108
13130,	43.5120319,	5.1536327
13131,	43.4172264,	-76.1088001
13132,	43.2717841,	-76.23632479999999
13133,	54.6542898,	25.501505
13134,	42.9683582,	-75.68444389999999
13136,	42.5925263,	-75.841775
13138,	42.8996982,	-76.01380379999999
13139,	42.7319437,	-76.6196097
13140,	43.066296,	-76.6643728
13141,	42.7480783,	-76.16678069999999
13142,	43.5683841,	-76.1088001
13143,	43.2540821,	-76.7221082
13145,	43.6546405,	-76.1203982
13146,	43.11533319999999,	-76.7567368
13147,	42.7874635,	-76.5719414
13150,	43.8187753,	4.6967189
13152,	42.8802435,	-76.3868797
13153,	42.9927447,	-76.4577547
13154,	43.1313185,	-76.76639089999999
13155,	42.6797331,	-75.77203279999999
13156,	43.3408881,	-76.6528225
13157,	43.2028878,	-75.7262461
13159,	42.8080206,	-76.1088001
13163,	43.0791332,	-75.7058917
13164,	43.0969243,	-76.32320419999999
13165,	42.9021369,	-76.8951551
13166,	43.0825658,	-76.5603828
13167,	43.3058637,	-76.0507949
13169,	54.6043479,	25.7157582
13170,	43.4083231,	5.320706899999999
13174,	-22.8171277,	-47.2581852
13175,	-22.8106733,	-47.2386501
13176,	54.6310745,	25.5133153
13178,	54.6095228,	25.524268
13182,	54.5515249,	25.5536893
13183,	54.5854277,	25.5074637
13185,	-22.9031337,	-47.1776507
13187,	52.5720661,	13.4126604
13188,	-22.8937678,	-47.22888529999999
13189,	52.5600917,	13.4222482
13194,	39.3697291,	-4.19234
13195,	38.9801945,	-4.0491077
13196,	39.0534209,	-4.0388918
132 39,	59.34350070000001,	18.2601491
13205,	42.9979838,	-76.1377935
13207,	43.01788639999999,	-76.1638823
13208,	43.0756836,	-76.1493891
13210,	43.0347064,	-76.1261969
13215,	42.9862077,	-76.23632479999999
13216,	24.7735004,	46.7430136
13224,	43.0413792,	-76.1030007
13225,	43.12,	-76.13
13226,	24.7942708,	46.8010727
13230,	43.4413816,	4.789873099999999
13234,	49.98527110000001,	28.0042066
13235,	43.0424109,	-76.1344965
13238,	-23.2439983,	-46.7623591
13243,	24.8029653,	46.7720347
13244,	43.04782609999999,	-76.1432291
13255,	24.8411221,	46.7720347
13256,	24.848057,	46.7913915
13264,	54.63369489999999,	25.4102289
13267,	24.866483,	46.8228622
13268,	24.8764569,	46.8373937
13270,	43.4745483,	4.914323899999999
13275,	54.61012119999999,	25.3877748
13276,	54.6079079,	25.3780136
13278,	19.2833881,	-99.05503569999999
13300,	43.6499323,	5.0702794
13314,	42.8138597,	-75.34413289999999
13316,	43.4085315,	-75.737149
13317,	42.8746212,	-74.5697617
13320,	42.7858528,	-74.7571147
13346,	42.8143452,	-75.55096019999999
13375,	25.0648034,	46.5210757
13390,	43.3628502,	5.6668306
13407,	42.9635855,	-74.9442585
13443,	49.96335699999999,	29.1061052
13449,	43.22,	-75.45
13459,	42.7602391,	-74.5697617
13469,	43.2244496,	-75.3004009
13470,	43.1691232,	-74.64004320000001
13471,	43.3528949,	-75.5975296
13472,	43.6894534,	-75.07279559999999
13473,	43.6367013,	-75.45777749999999
13474,	25.0676612,	46.6995133
13475,	42.8922065,	-74.8349391
13476,	43.0863391,	-75.5160235
13477,	43.0512905,	-75.5393155
13478,	43.1633287,	-75.5975296
13479,	43.0518225,	-75.2717923
13480,	42.9048203,	-75.36453689999999
13481,	25.1018479,	46.5836972
13482,	42.6867727,	-75.1953934
13483,	43.3959216,	-75.8243427
13484,	42.8541613,	-75.6555771
13485,	42.792189,	-75.30623260000002
13486,	43.3496278,	-75.35287790000001
13487,	-22.5772836,	-47.3608657
13488,	42.6915321,	-74.7483371
13489,	43.46031139999999,	-75.55096019999999
13490,	43.097296,	-75.41699179999999
13491,	42.880353,	-75.17788530000001
13492,	43.1191629,	-75.329557
13493,	43.4261431,	-75.8766333
13494,	43.526486,	-75.11951069999999
13495,	43.11428660000001,	-75.27415570000001
13496,	25.2715312,	46.5403355
13497,	25.3155465,	46.5307047
135 39,	59.2499896,	18.2221928
135 58,	59.22128819999999,	18.2405807
135 59,	59.24109159999999,	18.1756455
13501,	43.0808833,	-75.21873459999999
13502,	43.1467071,	-75.17788530000001
13503,	43.1,	-75.22999999999999
13504,	43.0951551,	-75.1873691
13505,	43.1,	-75.22999999999999
13506,	-22.3941885,	-47.5520984
13507,	52.57472929999999,	13.2706899
13508,	19.222801,	-98.96939139999999
13509,	52.5890862,	13.3032995
13511,	24.7639849,	46.6367462
13512,	24.7585654,	46.6150375
13513,	24.7503368,	46.6053922
13514,	24.7498968,	46.5909278
13515,	24.7795671,	46.6270967
13516,	59.4417784,	24.6090345
13517,	24.7659125,	46.5957488
13518,	59.4191923,	24.641207
13519,	59.40420570000001,	24.6355301
13520,	43.7098457,	4.789873099999999
13521,	24.7951448,	46.61744909999999
13522,	59.42894750000001,	24.6499952
13523,	24.7845078,	46.5812872
13524,	24.8139669,	46.6102146
13526,	24.7970503,	46.5764676
13529,	19.2524827,	-99.0029462
13530,	43.4376636,	5.7089241
13531,	24.8295359,	46.6005703
13532,	24.822585,	46.5812872
13533,	49.9608041,	29.6963016
13534,	24.8477703,	46.591643
13535,	24.8398841,	46.5764676
13536,	24.8330873,	46.5606161
13537,	49.903011,	29.6270955
13540,	43.5963366,	5.4044268
13541,	24.8624003,	46.5861072
13542,	24.8541616,	46.5764676
13543,	49.8746088,	29.3468465
13544,	49.88007710000001,	29.2866302
13545,	24.8690558,	46.5698654
13546,	49.8565792,	29.5926347
13547,	24.8904922,	46.5716484
13548,	24.8852638,	46.5592138
13549,	24.8810774,	46.5456477
13550,	43.86729589999999,	4.9039424
13551,	24.9077841,	46.5668298
13552,	24.9040637,	46.5499681
13553,	24.8955853,	46.5331122
13554,	24.9280877,	46.5571938
13555,	24.922856,	46.5427434
13556,	24.9126299,	46.5210757
13560,	43.7446247,	5.0911062
13561,	24.9386328,	46.5403355
13562,	24.924673,	46.5018235
13563,	24.9541678,	46.5307047
13564,	24.9401997,	46.4922002
13565,	24.9696984,	46.5210757
13566,	24.9592162,	46.4922002
13567,	24.9947343,	46.5114487
13568,	24.9810032,	46.4855392
13569,	-22.0223267,	-47.8748462
13570,	43.8924816,	4.7588042
13571,	25.0137536,	46.5114487
13572,	25.0032564,	46.4825787
13573,	25.0352778,	46.4922002
13574,	25.024771,	46.4633415
13575,	25.050788,	46.4825787
13576,	25.0367703,	46.4441117
13577,	25.085303,	46.4729592
13578,	25.0687837,	46.4537256
13579,	25.0582607,	46.4248894
13580,	43.5530759,	5.2005729
13581,	52.5299056,	13.1870598
13583,	52.5415512,	13.1833579
13585,	52.5466773,	13.2067825
13587,	52.5727454,	13.1924182
13589,	52.5657546,	13.158139
13590,	43.4954613,	5.509246999999999
13591,	52.5348604,	13.1431864
13592,	38.5716128,	-4.079767299999999
13596,	38.65975590000001,	-4.5315029
13598,	38.5860697,	-4.5418141
13601,	43.9959887,	-75.92309759999999
13602,	44.0492086,	-75.7894716
13603,	44.0590187,	-75.7197039
13604,	-22.2765813,	-47.3217253
13605,	43.7827518,	-76.01598
13611,	43.7795051,	-76.1200358
13616,	44.0300042,	-75.85920519999999
13617,	44.5971465,	-75.2054607
13625,	44.5447721,	-74.95399739999999
13629,	52.5400284,	13.2653357
13630,	44.4902978,	-75.3248927
13631,	43.9,	-75.58
13642,	44.3398918,	-75.54123899999999
13643,	44.0320764,	-75.71409609999999
13644,	49.620672,	29.098934
13645,	44.3058551,	-75.4321453
13646,	44.4344036,	-75.69285579999999
13647,	44.6106736,	-74.9668729
13648,	44.1630929,	-75.3330565
13649,	44.919419,	-74.7217297
13650,	43.8164898,	-76.2131474
13651,	43.8532462,	-76.1972107
13652,	44.42923709999999,	-75.2182438
13653,	25.1165703,	46.83497149999999
13654,	44.5824261,	-75.4534267
13655,	44.9872243,	-74.6494293
13656,	44.1851401,	-75.9431869
13657,	44.03,	-76.03999999999999
13658,	44.7365465,	-75.2589141
13659,	43.7335844,	-75.92309759999999
13660,	44.7489562,	-75.13778700000002
13661,	43.7082438,	-76.097201
13662,	44.95293969999999,	-74.88763209999999
13663,	25.1653823,	46.7720347
13664,	44.5838977,	-75.64780689999999
13665,	44.0595333,	-75.46942849999999
13666,	44.2141183,	-74.9419103
13667,	44.83606289999999,	-74.9377963
13668,	44.7507688,	-75.00919499999999
13669,	44.6550526,	-75.5041352
13670,	44.1877223,	-75.09449529999999
13671,	44.28797,	-75.62544
13672,	44.50609790000001,	-74.6690429
13673,	44.15575680000001,	-75.7103892
13674,	43.73585,	-76.0638482
13675,	44.2829326,	-75.8475722
13676,	44.6424441,	-74.97793159999999
13677,	44.5149231,	-75.1857751
13678,	44.8356742,	-74.9768681
13679,	44.3243333,	-75.78624289999999
13680,	44.5701167,	-75.3588613
13681,	44.4198661,	-75.3617404
13682,	43.8512192,	-75.8882508
13683,	44.974744,	-74.7316712
13684,	44.36094060000001,	-75.1282519
13685,	43.9147417,	-76.097201
13686,	25.3317903,	46.6270967
13687,	44.39303839999999,	-74.8071898
13688,	25.3426996,	46.57887729999999
13690,	44.1402857,	-75.0193094
13691,	44.208566,	-75.83239019999999
13692,	44.2877857,	-76.0264165
13693,	44.0067341,	-76.23632479999999
13694,	44.8470482,	-75.1623331
13695,	44.0999788,	-74.9278326
13696,	44.69036209999999,	-74.8595148
13697,	44.7499086,	-74.79198
13699,	44.6672654,	-74.9940512
13700,	5.393476199999999,	100.4003284
13711,	24.7321492,	46.5812872
13712,	24.7446952,	46.5764676
13713,	24.7555048,	46.5668298
13714,	24.7647995,	46.5596027
13715,	24.7775642,	46.5620116
13716,	24.77062,	46.5427434
13717,	24.793125,	46.5523766
13718,	24.7878002,	46.534316
13719,	24.8004481,	46.5331122
13720,	-6.356087199999999,	106.879792
13721,	24.7794553,	46.5210757
13722,	24.7968578,	46.5198723
13723,	24.7690319,	46.4922002
13724,	24.8001146,	46.4729592
13725,	24.7491,	46.4633415
13726,	24.7866643,	46.4489184
13727,	24.7347416,	46.4104775
13728,	24.7627794,	46.3960699
13729,	24.7518707,	46.3528724
13730,	42.2375795,	-75.55096019999999
13731,	42.1392082,	-74.8039205
13732,	42.041993,	-76.1551866
13733,	42.302855,	-75.45777749999999
13734,	42.0701461,	-76.3868797
13735,	24.7093934,	46.5114487
13736,	42.319064,	-76.2015572
13737,	42.1012199,	-75.9618977
13738,	42.5654482,	-76.136344
13739,	42.3706,	-74.8039205
13740,	42.2808819,	-74.7102958
13741,	24.6912474,	46.5403355
13742,	24.7217498,	46.5523766
13743,	42.2198207,	-76.3405733
13744,	42.2486429,	-75.9056753
13745,	42.1689526,	-75.8741375
13746,	42.2677313,	-75.8650148
13747,	42.4909252,	-74.9829494
13748,	42.0293491,	-75.8185314
13749,	42.0175906,	-75.7936316
13750,	42.48736410000001,	-74.88579890000001
13751,	42.4464976,	-74.903339
13752,	42.1792217,	-74.88579890000001
13753,	42.3124642,	-74.9442585
13754,	42.0707244,	-75.45777749999999
13755,	42.05446850000001,	-75.03775019999999
13756,	42.0168602,	-75.11951069999999
13757,	42.4167763,	-74.9325683
13762,	42.1006131,	-76.0481032
13768,	38.4198245,	-3.4978186
13770,	43.5923446,	5.488267899999999
13771,	24.6151124,	46.4344996
13774,	41.9636749,	-75.1737308
13775,	42.3373331,	-75.1311874
13776,	42.45306679999999,	-75.35287790000001
13777,	42.25877,	-75.9869609
13778,	42.3444463,	-75.78365889999999
13779,	38.52842649999999,	-3.8044831
13780,	42.4326803,	-75.4927278
13781,	24.6270001,	46.5668298
13783,	42.0077133,	-75.27123929999999
13784,	42.4274943,	-76.2392217
13785,	24.5960824,	46.5403355
13786,	42.4428123,	-74.69858909999999
13787,	42.1720982,	-75.6440842
13790,	42.1883307,	-76.0043731
13791,	24.5798698,	46.5282973
13792,	24.6098308,	46.4958087
13795,	42.0623227,	-75.77203279999999
13796,	42.5680859,	-75.1311874
13798,	24.5796779,	46.415281
13799,	24.5693006,	46.3864672
13804,	42.20536209999999,	-75.3761952
13805,	-22.3969707,	-46.9833911
13806,	42.3789642,	-74.9734805
13807,	42.61500059999999,	-74.9793243
13808,	42.5481292,	-75.27123929999999
13809,	42.4013687,	-75.3995089
13810,	42.6113921,	-75.0961549
13811,	42.2416626,	-76.2015572
13812,	42.0339968,	-76.3289941
13813,	42.1713703,	-75.5626039
13814,	42.61190000000001,	-75.5272609
13815,	42.5459769,	-75.55096019999999
13816,	24.9730179,	46.9270975
13817,	59.44324099999999,	24.8874361
13818,	25.0103509,	46.89798690000001
13820,	42.47888409999999,	-75.03775019999999
13821,	43.27627580000001,	5.517116199999999
13822,	45.6686102,	8.107810299999999
13823,	45.6188972,	8.170953899999999
13824,	25.0138303,	47.01452949999999
13825,	42.4590003,	-75.17788530000001
13826,	42.0993644,	-75.6339017
13827,	42.1310032,	-76.247912
13830,	42.4424482,	-75.6440842
13831,	25.0941727,	46.9319509
13832,	42.6517092,	-75.70225669999999
13833,	42.1897828,	-75.78365889999999
13834,	42.5420603,	-74.9581396
13835,	42.390672,	-76.1551866
13836,	45.5445187,	8.1810622
13837,	25.2036705,	46.9707947
13838,	42.2826382,	-75.3761952
13839,	42.23999209999999,	-75.27123929999999
13840,	42.0339144,	-76.3991472
13841,	42.4336801,	-75.87122099999999
13842,	42.36910940000001,	-74.72200169999999
13843,	42.5552487,	-75.3995089
13844,	42.6133193,	-75.70225669999999
13845,	42.0561853,	-76.3479918
13846,	42.3553946,	-75.0494329
13847,	42.205068,	-75.27889480000002
13848,	42.217922,	-75.7246423
13849,	42.3699638,	-75.30623260000002
13850,	42.0636938,	-76.01598
13851,	42.0941462,	-76.0035147
13852,	25.012304,	47.1849668
13853,	25.0139077,	47.24353319999999
13854,	25.0697828,	47.1849668
13855,	45.5714013,	8.1373049
13856,	42.150427,	-75.17788530000001
13857,	25.1289334,	47.24353319999999
13858,	25.1847262,	47.1849668
13859,	42.3709535,	-75.2493645
13860,	42.4458648,	-74.9637043
13861,	42.4836883,	-75.1282683
13862,	42.323318,	-75.92309759999999
13863,	42.4417534,	-75.9056753
13864,	42.29459260000001,	-76.39845369999999
13865,	42.0662987,	-75.5742467
13866,	45.5835691,	8.2324045
13867,	45.6706862,	8.2116847
13868,	45.6513987,	8.2807953
13869,	25.1897741,	47.3608657
13870,	43.8957311,	4.795052999999999
13871,	45.51052079999999,	8.125616899999999
13872,	25.0830751,	47.4392352
13873,	45.4887273,	8.1650338
13874,	25.1468477,	47.4294326
13875,	25.1422553,	47.4980899
13876,	45.51370439999999,	8.0808894
13877,	45.4719766,	8.2001729
13878,	45.5341732,	8.1266638
13880,	43.5264742,	5.2579968
13881,	45.397474,	8.1161367
13882,	25.1260151,	47.6159983
13883,	25.1274598,	47.675052
13884,	45.5029689,	7.9639791
13885,	25.164507,	47.6159983
13886,	45.4165356,	8.047659399999999
13887,	45.4661214,	8.0161836
13888,	45.5184429,	8.0138486
13889,	25.2237459,	47.675052
13891,	45.5436728,	7.992465299999999
13892,	25.1178522,	47.813101
13893,	45.5398202,	7.911705700000001
13894,	45.53523149999999,	8.078446999999999
13895,	25.205952,	47.7341718
13896,	45.5475787,	7.936620799999999
13897,	25.2514001,	47.7538931
13898,	45.5640346,	8.0067383
13899,	45.6055674,	8.0241441
13900,	45.57856109999999,	8.036505
13901,	42.2014637,	-75.8766333
13902,	42.1017651,	-75.90657829999999
13903,	42.0521497,	-75.92309759999999
13904,	42.1292854,	-75.841775
13905,	42.1825615,	-75.9579358
13907,	-22.7191255,	-46.8402439
13908,	-22.7699142,	-46.7430136
13909,	-22.7157357,	-46.7236754
13911,	59.44944179999999,	24.879628
13912,	59.4500969,	24.8688198
13913,	59.4521492,	24.8738688
13914,	24.8235407,	46.5114487
13915,	59.4489132,	24.9049544
13916,	59.44917770000001,	24.8505979
13917,	59.4446385,	24.8616036
13918,	24.834094,	46.4946058
13919,	24.8448758,	46.4849839
13920,	43.45585560000001,	5.0130453
13921,	24.8748169,	46.5282973
13922,	24.8743468,	46.5138553
13923,	24.8736384,	46.4922002
13924,	24.8666672,	46.4729592
13925,	24.8961438,	46.5018235
13927,	24.880689,	46.4657457
13928,	24.9081846,	46.4825787
13929,	24.8949482,	46.4657457
13930,	-6.201552899999999,	106.9152021
13931,	24.8120586,	46.4994175
13932,	24.8286377,	46.4729592
13933,	24.8207296,	46.4248894
13934,	24.800779,	46.3960699
13935,	24.8752177,	46.4441117
13936,	24.8552517,	46.415281
13937,	24.8447885,	46.3864672
13938,	24.8867597,	46.4104775
13939,	24.8727946,	46.3720666
13940,	-6.2060792,	106.9329091
13941,	24.7898525,	46.3528724
13942,	24.8403302,	46.34807499999999
13943,	24.7948982,	46.3145064
13944,	24.8263715,	46.3097128
13945,	24.7864609,	46.2522257
13946,	24.8184058,	46.2618022
13947,	24.8169139,	46.2187227
13951,	24.9202167,	46.4633415
13952,	24.9357338,	46.4537256
13953,	24.9192434,	46.4344996
13954,	24.918263,	46.4056745
13955,	24.9547423,	46.4537256
13956,	24.9832542,	46.4537256
13957,	24.9537555,	46.4248894
13958,	24.9367657,	46.3912683
13960,	43.34543559999999,	5.1171505
13961,	25.0012596,	46.4248894
13962,	25.0197537,	46.4104775
13963,	24.9677534,	46.3720666
13964,	25.0177089,	46.3528724
13965,	24.9537471,	46.3336857
13966,	25.0036781,	46.3145064
13968,	24.9706753,	46.2761704
13970,	-22.4363339,	-46.8228622
13973,	24.9017878,	46.2953347
13975,	24.9322219,	46.2618022
13976,	24.9276879,	46.2235075
13977,	24.9466477,	46.2235075
14002,	37.8833812,	-4.770453
14006,	42.6295995,	-79.0419053
14009,	42.566526,	-78.4069732
14017,	44.9006329,	7.9533304
14018,	44.9327522,	8.0294422
14019,	44.9588223,	7.924862699999999
14020,	43.0100971,	-78.2248291
14021,	42.9982035,	-78.1876692
14024,	42.5864466,	-78.2248291
14025,	42.6264618,	-78.713608
14026,	42.9444886,	-78.6880908
14027,	42.588744,	-79.0180084
14028,	43.3223141,	-78.70793809999999
14029,	42.4620274,	-78.261853
14030,	42.5649546,	-78.4865602
14031,	42.9813122,	-78.60014819999999
14032,	43.0519044,	-78.6341996
14033,	42.6628737,	-78.6909263
14034,	42.4827015,	-78.8269385
14035,	42.4936323,	-78.8548969
14036,	42.9905143,	-78.4069732
14037,	42.8028663,	-78.4524591
14038,	42.9446851,	-78.4863396
14039,	42.8451028,	-78.16214370000002
14040,	42.8813474,	-78.37284559999999
14041,	42.4021386,	-78.97124509999999
14042,	42.4680887,	-78.4865602
14043,	42.9007932,	-78.70793809999999
14047,	42.6918283,	-78.9853813
14048,	42.4916716,	-79.3240228
14050,	52.51950429999999,	13.2726936
14051,	43.0288001,	-78.6909263
14052,	42.7441063,	-78.6341996
14053,	52.5206358,	13.227462
14054,	42.9154012,	-78.1450412
14055,	42.5518984,	-78.6403301
14056,	42.9943373,	-78.30704700000001
14057,	42.6506832,	-78.8609122
14058,	43.1071384,	-78.1450412
14059,	42.8319977,	-78.64554749999999
14060,	42.4274051,	-78.3608814
14061,	42.59173,	-79.0885125
14062,	42.4443691,	-79.1322744
14063,	42.4226079,	-79.3127543
14065,	42.4882405,	-78.30455649999999
14066,	42.6288297,	-78.1678439
14067,	43.20054620000001,	-78.5887951
14068,	43.0302055,	-78.7532884
14069,	42.6045965,	-78.6398737
14070,	42.4333399,	-78.9175088
14071,	-21.1125931,	-47.8007606
14072,	43.0171854,	-78.9627624
14073,	-21.1032694,	-47.7859558
14075,	42.7279833,	-78.8609122
14078,	-21.1324394,	-47.7711552
14080,	42.6190717,	-78.54337009999999
14081,	42.5629031,	-79.0532061
14082,	42.6554524,	-78.3785343
14083,	42.6726779,	-78.4360894
14085,	42.7110346,	-78.9344814
14086,	42.8982361,	-78.6341996
14089,	52.4741368,	13.152334
14091,	42.54087,	-78.8269385
14092,	43.1728044,	-78.9853813
14093,	-21.2245345,	-47.7771875
14094,	43.17139479999999,	-78.6795836
14095,	43.17214670000001,	-78.6838235
14097,	-21.2097157,	-47.7563588
14098,	43.3301489,	-78.36146719999999
14101,	42.3865037,	-78.54337009999999
14102,	42.8367392,	-78.5490494
14105,	43.1806403,	-78.4865602
14107,	43.1824103,	-78.9840602
14110,	42.68672000000001,	-78.778311
14111,	42.5884889,	-78.9175088
14113,	42.6839855,	-78.3273245
14114,	49.33362710000001,	-0.5350723
14120,	43.0744059,	-78.8609122
14129,	42.4809609,	-79.0079949
14132,	43.1510706,	-78.8609122
14134,	42.5261953,	-78.5220701
14135,	42.4820739,	-79.2479342
14136,	42.5263293,	-79.17742679999999
14138,	42.3579282,	-79.0419053
14139,	42.7241721,	-78.5320107
14160,	49.2689074,	-0.08129929999999999
14166,	42.4509859,	-79.414825
14167,	42.7418655,	-78.3273245
14168,	42.51987099999999,	-78.99032849999999
14170,	42.6992512,	-78.6682395
14174,	43.2408778,	-78.9966888
14188,	54.7507707,	25.2044254
14193,	52.4675293,	13.2107326
14207,	42.9486552,	-78.90053329999999
14209,	42.91379209999999,	-78.8637428
14213,	42.9165666,	-78.8920444
14214,	42.9334868,	-78.84392679999999
14221,	42.9734553,	-78.713608
14222,	42.9149029,	-78.8750644
14223,	42.9719383,	-78.84392679999999
14224,	42.8410449,	-78.7362845
14226,	42.9674726,	-78.7986181
14247,	54.829241,	25.1783236
14263,	42.8980985,	-78.8662195
14305,	43.1197084,	-79.0306032
14400,	49.2616285,	-0.7203714999999999
14401,	-20.528293,	-47.3853435
14402,	-20.5319397,	-47.3657603
14404,	-20.5761311,	-47.3853435
14405,	-20.5275991,	-47.41473209999999
14410,	43.197238,	-77.85399749999999
14411,	43.2229834,	-78.24761459999999
14412,	-20.557672,	-47.3559715
14413,	43.2113883,	-76.9806208
14414,	42.884902,	-77.76809519999999
14415,	42.75575509999999,	-77.0190228
14416,	43.096216,	-77.9510209
14418,	42.6040211,	-77.22901929999999
14420,	43.2108851,	-77.9510209
14422,	43.07840239999999,	-78.0537813
14423,	42.9331502,	-77.85959629999999
14424,	42.8343683,	-77.3094674
14425,	42.98204399999999,	-77.3439283
14427,	42.6337682,	-78.0309542
14428,	43.0864422,	-77.85959629999999
14429,	43.1932605,	-78.0651209
14430,	43.2323419,	-77.92780789999999
14432,	42.9286351,	-77.1255055
14433,	43.093343,	-76.8951551
14434,	24.6511156,	47.043707
14435,	42.7211058,	-77.67651839999999
14437,	42.5717641,	-77.7223162
14440,	-6.1288201,	106.79719
14441,	42.6849291,	-76.9571046
14443,	42.9,	-77.44
14445,	43.1107124,	-77.4902726
14447,	38.3154701,	-4.3411001
14449,	43.231148,	-77.1441171
14450,	43.0745542,	-77.4013403
14451,	24.6481764,	47.1849668
14452,	43.2446727,	-78.0938584
14453,	43.0088921,	-77.4669843
14454,	42.80802800000001,	-77.76809519999999
14456,	42.8361156,	-76.9873477
14461,	42.7957206,	-77.12694379999999
14462,	42.6816262,	-77.7566523
14463,	42.7955042,	-77.0672395
14464,	43.3335989,	-77.93959699999999
14466,	42.7771973,	-77.57340479999999
14467,	43.0483067,	-77.5963271
14468,	43.3105948,	-77.8138553
14469,	42.8881413,	-77.4472495
14470,	43.2205772,	-78.04236829999999
14471,	42.7503806,	-77.5046101
14472,	42.9691924,	-77.57340479999999
14473,	52.3719095,	13.0493586
14475,	42.9390961,	-77.4960078
14476,	43.3349888,	-78.04236829999999
14477,	43.34459940000001,	-78.13363799999999
14478,	42.578473,	-77.1312586
14479,	43.232737,	-78.3187871
14480,	42.8375657,	-77.7080064
14481,	42.775887,	-77.91674569999999
14482,	42.9812874,	-77.9510209
14485,	42.8649425,	-77.58486649999999
14486,	42.9077672,	-77.9138889
14487,	42.7980925,	-77.67651839999999
14488,	42.8229238,	-77.64251569999999
14489,	43.1040114,	-76.9873477
14490,	49.1800329,	-0.8061524999999999
14502,	43.0968034,	-77.3439283
14504,	42.9670456,	-77.23189339999999
14505,	43.1632494,	-77.17152279999999
14506,	43.0040756,	-77.4988753
14507,	42.7081166,	-77.2979782
14508,	43.324186,	-77.995818
14510,	42.668675,	-77.9053182
14511,	42.9899505,	-77.8638835
14512,	42.67409010000001,	-77.4242972
14513,	43.0764083,	-77.0794705
14514,	43.10566559999999,	-77.7938376
14515,	43.25267179999999,	-77.7322883
14516,	43.2022127,	-76.9297354
14517,	42.586563,	-77.85959629999999
14518,	42.932889,	-77.01236449999999
14519,	43.2550689,	-77.3094674
14520,	43.22612729999999,	-77.3059778
14521,	42.6719715,	-76.8144298
14522,	43.0539047,	-77.2175223
14525,	42.8324985,	-77.99670429999999
14526,	43.1478006,	-77.4587239
14527,	42.7095794,	-77.0564464
14529,	42.5403937,	-77.6293024
14530,	42.7555047,	-77.99670429999999
14532,	42.9564,	-77.03341790000002
14533,	42.83116769999999,	-77.8938895
14534,	43.0515702,	-77.53901270000001
14536,	42.5419421,	-78.07660360000001
14537,	43.0381536,	-77.15372909999999
14538,	43.28070109999999,	-77.1847532
14539,	42.8342776,	-77.88152579999999
14540,	49.1116638,	-0.2917514
14541,	42.7486575,	-76.8951551
14542,	43.1537586,	-76.8778955
14543,	42.9983881,	-77.665066
14544,	42.7606541,	-77.25201009999999
14545,	42.66356469999999,	-77.7122996
14546,	43.0383054,	-77.76809519999999
14547,	42.89491659999999,	-77.0924196
14548,	42.9743021,	-77.27499639999999
14549,	42.700064,	-78.022036
14550,	42.6771863,	-78.07660360000001
14551,	43.2236974,	-77.03341790000002
14552,	52.30970689999999,	13.0731063
14554,	52.2794628,	13.0051422
14559,	43.1961891,	-77.8138553
14560,	42.6809312,	-77.57340479999999
14561,	42.7803784,	-77.17152279999999
14564,	42.9648362,	-77.4472495
14567,	24.3811661,	46.9562248
14569,	42.7361576,	-78.1792434
14585,	42.9063863,	-77.5526275
14588,	42.68418339999999,	-76.8728167
14589,	43.2394793,	-77.17152279999999
14590,	43.24042379999999,	-76.8490328
14603,	43.1614713,	-77.60686729999999
14604,	43.1581207,	-77.60635409999999
14606,	43.168856,	-77.6936948
14610,	43.14299399999999,	-77.5447454
14612,	43.2658801,	-77.665066
14613,	43.1816979,	-77.6364299
14614,	43.153975,	-77.6120835
14618,	43.1156031,	-77.55621
14620,	43.1301942,	-77.60205690000001
14624,	43.1206737,	-77.7337628
14631,	24.7697113,	46.9465138
14638,	43.1796671,	-77.6260475
14639,	43.1599999,	-77.61000000000001
14640,	49.30949690000001,	0.0054231
14641,	52.631423,	12.8120193
14642,	43.12247660000001,	-77.62425739999999
14643,	43.1693544,	-77.6394728
14644,	43.1599999,	-77.61000000000001
14646,	43.1535464,	-77.6043267
14647,	43.1530878,	-77.60671219999999
14649,	43.1805738,	-77.6247944
14650,	43.1604676,	-77.6196028
14651,	43.159859,	-77.620856
14652,	43.15,	-77.63
14653,	43.1494843,	-77.7516456
14656,	52.5827083,	12.9581701
14662,	52.7348326,	12.5791113
14669,	52.5098925,	12.8314751
14673,	24.7687814,	47.4196318
14683,	24.7713995,	47.5373633
14692,	43.0855245,	-77.5977596
14694,	43.155899,	-77.61180110000001
14700,	48.8999757,	-0.1928431
14701,	42.067239,	-79.2676668
14702,	42.0968651,	-79.23758099999999
14703,	-20.9563728,	-48.4749776
14706,	42.1138734,	-78.54337009999999
14707,	42.0820114,	-78.0680458
14708,	42.0170106,	-78.07660360000001
14709,	42.3688167,	-77.99670429999999
14710,	42.0799025,	-79.4028639
14711,	42.3055438,	-78.13363799999999
14712,	42.1842907,	-79.3690831
14713,	24.5629504,	46.6948926
14714,	42.2894236,	-78.25900539999999
14715,	42.0765655,	-78.1792434
14716,	42.3855504,	-79.4366324
14717,	42.3600583,	-78.1906417
14718,	42.3513327,	-79.27894069999999
14719,	42.3403333,	-78.8609122
14720,	42.1099323,	-79.28153329999999
14721,	42.0160862,	-78.2789365
14722,	42.2098047,	-79.466892
14723,	42.2887222,	-79.1322744
14724,	42.0655227,	-79.67266320000002
14725,	24.524157,	46.6922669
14726,	42.2497259,	-79.0306032
14727,	42.2030183,	-78.2703951
14728,	42.26656200000001,	-79.4141214
14729,	42.3960899,	-78.7362845
14730,	42.1724483,	-78.9479839
14731,	42.2898259,	-78.64554749999999
14732,	42.2173749,	-79.10616089999999
14733,	42.1369206,	-79.17742679999999
14735,	42.4560136,	-78.0880129
14736,	42.12595049999999,	-79.7455956
14737,	42.316676,	-78.4297187
14739,	42.1888042,	-78.13363799999999
14740,	42.2258603,	-79.1887115
14741,	42.196482,	-78.5887951
14742,	42.11845830000001,	-79.31011310000001
14743,	42.2170455,	-78.4069732
14745,	42.4738321,	-78.1352416
14747,	42.1673619,	-79.08710049999999
14748,	42.1338889,	-78.64554749999999
14750,	42.0823225,	-79.3240228
14751,	42.2921062,	-79.0163996
14752,	42.3508894,	-79.3251672
14753,	42.04484009999999,	-78.6341996
14754,	42.011752,	-78.2134346
14755,	42.2190311,	-78.8156113
14756,	42.2,	-79.42000000000002
14757,	42.2487385,	-79.53786339999999
14758,	42.0118675,	-79.4488914
14760,	42.1000383,	-78.4069732
14765,	24.4399669,	46.81801919999999
14766,	42.355768,	-78.83161989999999
14767,	42.0490842,	-79.4928857
14768,	24.4132126,	46.83012739999999
14769,	42.374602,	-79.47601329999999
14770,	42.040713,	-78.30455649999999
14771,	24.4858894,	46.6283028
14772,	42.1542663,	-78.95145099999999
14773,	24.4657985,	46.6488106
14774,	42.08811439999999,	-78.15252389999999
14775,	42.22606,	-79.7175517
14776,	52.3877144,	12.5608112
14777,	42.3900091,	-78.2219806
14778,	42.0786337,	-78.47585710000001
14779,	42.097455,	-78.77028949999999
14780,	49.2988788,	-0.3318971
14781,	42.1747399,	-79.582819
14782,	42.2517785,	-79.2563916
14783,	42.074908,	-78.8764795
14784,	42.3142521,	-79.4028639
14785,	42.15445829999999,	-79.40603019999999
14786,	42.12617849999999,	-78.2431345
14787,	42.3200938,	-79.5715822
14788,	42.05680830000001,	-78.3721344
14789,	52.36808509999999,	12.3394926
14790,	49.1566233,	-0.4608376
14791,	24.3736023,	46.7720347
14792,	24.3381401,	46.7526854
14793,	52.2674069,	12.2873921
14794,	24.3582855,	46.7962319
14795,	24.3197556,	46.7817122
14796,	24.2873675,	46.7575221
14797,	52.3427055,	12.676828
14798,	52.5064453,	12.4631809
148 96,	59.04538890000001,	17.7885097
14801,	42.0944028,	-77.2635038
14802,	42.2469977,	-77.78811759999999
14803,	42.23782509999999,	-77.79326979999999
14804,	42.3153933,	-77.85959629999999
14805,	42.313376,	-76.7271532
14806,	42.1414761,	-77.77953699999999
14807,	42.4169882,	-77.7223162
14808,	42.5607221,	-77.46732899999999
14809,	42.4255687,	-77.4472495
14810,	42.3378553,	-77.355413
14811,	24.7653597,	46.8470837
14812,	42.296131,	-76.9873477
14813,	42.25225349999999,	-77.99670429999999
14814,	42.1410442,	-76.94702199999999
14815,	42.3758089,	-77.09098089999999
14816,	42.21400149999999,	-76.7394237
14817,	42.3635679,	-76.3289941
14818,	42.4349745,	-76.8490328
14819,	42.2206308,	-77.4357739
14820,	42.174089,	-77.3668965
14821,	42.2059232,	-77.2175223
14822,	42.4656084,	-77.8138553
14823,	42.2467826,	-77.58486649999999
14824,	42.272274,	-76.6990172
14825,	42.0084192,	-76.6238466
14826,	42.5080296,	-77.4931403
14827,	42.1801625,	-77.1361987
14828,	52.1717811,	12.3747308
14830,	42.1072182,	-77.03341790000002
14831,	42.1433318,	-77.0555469
14832,	24.8107235,	47.0485715
14833,	24.8408847,	46.9853688
14834,	24.8489959,	47.0485715
14835,	24.8791294,	46.9853688
14836,	42.5443519,	-77.91674569999999
14837,	42.50018770000001,	-77.0794705
14838,	42.1859234,	-76.6699545
14839,	42.1485569,	-77.665066
14840,	42.4333512,	-77.17152279999999
14841,	42.5232153,	-76.860565
14842,	42.5917548,	-76.9527836
14843,	42.3344577,	-77.67651839999999
14844,	24.8590062,	47.1849668
14845,	42.1971677,	-76.8028933
14846,	42.5347173,	-78.0081221
14847,	42.6116801,	-76.7105632
14848,	24.9325957,	47.1898448
14850,	42.435511,	-76.5257007
14851,	42.440893,	-76.4962498
14852,	42.49574339999999,	-76.4690538
14853,	42.4467049,	-76.48305789999999
14854,	42.5049256,	-76.6149159
14855,	42.1589149,	-77.4931403
14856,	42.3721287,	-77.3655326
14857,	42.5147258,	-76.9280776
14858,	42.03402029999999,	-77.1600201
14859,	42.12564,	-76.5257007
14860,	42.5893626,	-76.8490328
14861,	42.0975783,	-76.6990172
14862,	24.8579791,	47.4000357
14863,	42.4555166,	-76.70750629999999
14864,	42.2884816,	-76.83749949999999
14865,	42.3465895,	-76.83749949999999
14866,	24.9224866,	47.4196318
14867,	42.3305111,	-76.6181655
14868,	24.9801185,	47.4196318
14869,	42.35786299999999,	-76.76827750000001
14870,	42.1676541,	-77.1370115
14871,	42.0439704,	-76.90668289999999
14872,	42.2288111,	-76.86633069999999
14873,	42.526228,	-77.3094674
14874,	42.5411294,	-77.1528304
14875,	24.9746879,	47.4588461
14876,	42.4249167,	-76.94990279999999
14877,	42.0230904,	-77.67651839999999
14878,	42.4539978,	-76.9297354
14879,	42.311375,	-77.2060241
14880,	42.1402551,	-78.04236829999999
14881,	42.4036274,	-76.3507042
14882,	42.5952782,	-76.5719414
14883,	42.2365275,	-76.4794435
14884,	42.503223,	-77.8938895
14885,	42.0521138,	-77.58486649999999
14886,	42.4960224,	-76.7105632
14887,	42.4127754,	-77.0541605
14888,	25.087521,	47.6159983
14889,	42.2198501,	-76.583499
14890,	-21.2702918,	-48.3215193
14891,	42.3682998,	-76.9412601
14892,	42.0478903,	-76.5257007
14893,	42.4705642,	-77.10556629999999
14894,	42.0223304,	-76.7625073
14895,	42.0915967,	-77.9510209
14897,	42.0244748,	-77.77953699999999
14898,	42.0759488,	-77.4472495
149 91,	58.911775,	17.8941308
149 95,	58.87342209999999,	18.1196263
14900,	37.3598432,	-4.5418141
14901,	42.0835528,	-76.745195
14902,	42.0901222,	-76.8052615
14903,	42.1385729,	-76.8836261
14904,	42.069498,	-76.79135579999999
14905,	42.08175019999999,	-76.854799
14910,	49.3297819,	0.0380027
14911,	37.3099978,	-4.657951400000001
14912,	24.5932615,	46.5523766
14913,	51.9506638,	13.0987395
14914,	24.5906476,	46.5716484
14915,	37.2357054,	-4.5431032
14920,	49.25822789999999,	-0.3641532
14921,	24.5785069,	46.5909278
14922,	24.5794018,	46.5668298
14923,	24.5802908,	46.5427434
14924,	24.5572393,	46.62468459999999
14925,	42.11,	-76.81
14926,	24.5657416,	46.58851749999999
14927,	24.5630056,	46.56480939999999
14928,	24.5629813,	46.5475598
14929,	52.0646102,	12.8501425
14930,	49.1365192,	-0.4278477
14931,	24.5522097,	46.5042296
14932,	24.5440019,	46.4946058
14933,	24.548289,	46.5331122
14934,	24.5383568,	46.5186688
14935,	24.5253933,	46.5090422
14936,	24.5424277,	46.5499681
14937,	24.5279444,	46.5427434
14938,	24.5149806,	46.5331122
14940,	37.4908416,	-4.4593791
14941,	24.5464923,	46.5812872
14942,	24.54062,	46.5981595
14944,	24.5213709,	46.5909278
14945,	24.5157986,	46.5620116
14947,	52.0601516,	13.2731311
14948,	24.4906804,	46.5716484
14952,	24.5271675,	46.4609373
14953,	24.5232521,	46.4897946
14954,	24.5119116,	46.4813762
14955,	24.5021598,	46.5006205
14957,	24.4989829,	46.5282973
14962,	24.573146,	46.6826067
14966,	24.5258182,	46.6367462
14968,	24.5092085,	46.6102146
14970,	49.2483089,	-0.2877149
14971,	24.4962427,	46.6005703
14974,	52.2780825,	13.2569144
14975,	24.4703166,	46.5812872
14976,	24.4581457,	46.6005703
14979,	52.3687324,	13.3165257
14980,	49.2071839,	-0.4725807
s